claim_id,category,status,evidence_type,verdict,level,decision,evidence_ref
C01,几何定义,pass,identity,INFO,L1,ALLOW,原体系人工审计记录（reviewer=本项目）
C02,几何推导,pass,construction,INFO,L2,ALLOW,原体系人工审计记录（reviewer=本项目）
C03,几何参数化,pass,parameterization,INFO,L1,ALLOW,原体系人工审计记录（reviewer=本项目）
C04,拓扑本源,open,construction,INFO,L1,REJECT-CAP,原体系人工审计记录（reviewer=本项目）
C05,拓扑公式,open,construction,INFO,L1,REJECT-CAP,原体系人工审计记录（reviewer=本项目）
C06,归一化约定,boundary,identity,INFO,L1,ALLOW,原体系人工审计记录（reviewer=本项目）
C07,归一化计算,pass,construction,INFO,L1,REJECT-CAP,原体系人工审计记录（reviewer=本项目）
C08,恒等+诠释,pass,identity,INFO,L1,ALLOW,原体系人工审计记录（reviewer=本项目）
C09,量子闭合,boundary,construction,INFO,L1,REJECT-CAP,原体系人工审计记录（reviewer=本项目）
C10,几何+量子,pass,identity,INFO,L1,ALLOW,原体系人工审计记录（reviewer=本项目）
C11,单位制恒等式,pass,identity,INFO,L1,ALLOW,原体系人工审计记录（reviewer=本项目）
C12,常数重排,falsified,construction,INFO,L0,FAIL,原体系人工审计记录（reviewer=本项目）
C13,几何表达式,open,construction,INFO,L1,REJECT-CAP,原体系人工审计记录（reviewer=本项目）
C14,几何推导,boundary,construction,INFO,L1,REJECT-CAP,原体系人工审计记录（reviewer=本项目）
C15,唯象构造,open,construction,INFO,L1,REJECT-CAP,原体系人工审计记录（reviewer=本项目）
C16,数学项命名,open,identity,INFO,L1,ALLOW,原体系人工审计记录（reviewer=本项目）
C17,组织框架,pass,identity,INFO,L1,ALLOW,原体系人工审计记录（reviewer=本项目）
C18,物理重述,pass,identity,INFO,L1,ALLOW,原体系人工审计记录（reviewer=本项目）
C19,数值定义,boundary,definition,INFO,L1,ALLOW,原体系人工审计记录（reviewer=本项目）
C20,数学事实,pass,identity,INFO,L1,ALLOW,原体系人工审计记录（reviewer=本项目）
C21,内部冲突,falsified,conflict,INFO,L0,FAIL,原体系人工审计记录（reviewer=本项目）
C22,第一性锚点,open,construction,INFO,L1,REJECT-CAP,原体系人工审计记录（reviewer=本项目）
C23,一致性检查,falsified,construction,INFO,L0,FAIL,原体系人工审计记录（reviewer=本项目）
C24,第一性审计,pass,audit,PASS,L2,ALLOW,§14-C24 复算 + C39：b·ω·t 基底 + ω√(A²+b²)=c ⇒ |R'|=c 精确成立
C25,第一性审计,open,audit,PASS,L1,REJECT-CAP,V21续修 §12：open（退化谱）——量纲 FAIL·谱退化 FAIL·误差棒公式误算 FAIL
C26,第一性审计,falsified,audit,FAIL,L0,FAIL,统一脚本 §2-4：θ 冲突未消除反而扩为四方（tanθ=α / √N / 2√Nα / √((2√Nα)²−1) 互斥）；§1-3 两种读数互不相容（tanθ=secθ 需 sinθ=1 无解）
C27,第一性审计,falsified,audit,FAIL,L0,FAIL,统一脚本 §3-1：N=floor(2π/Δθ_min) 只能产整数，定义A=1/[α²(1−α)]=18916.908 非整数 ⇒ 不可复现
C28,第一性审计,boundary,audit,FAIL,L1,REJECT-CAP,统一脚本 §3-2（BOUNDARY）：Δθ_min=2π/18907=3.3232e-4 rad 无第一性来源，N 自由度平移为 Δθ_min 不降
C29,第一性审计,falsified,audit,FAIL,L0,FAIL,统一脚本 §4-1：[K₀]=[c⁴]/[G]=M·L·T⁻²（力）非曲率 L⁻¹；K₀=2.5642944e+38 N=α²F_Planck/(8π) 由 G 反定义，无独立物理量
C30,第一性审计,falsified,audit,FAIL,L0,FAIL,统一脚本 §4-3：G 循环未解除，K₀=α²c⁴/(8πG) 与旧 ρ=√(G/(α²μ₀c²)) 结构同构 ⇒ 循环搬家
C31,第一性审计,falsified,audit,FAIL,L0,FAIL,统一脚本 §4-2：N、α 均无量纲 ⇒ 任何无量纲函数仍无量纲，不可能产出有量纲 K₀/G（Buckingham Π）
C32,第一性审计,pass,audit,PARTIAL,L1,REJECT-CAP,C44 支持「删除 ρ」动作方向；C32 原判（量纲 [S]=M·L⁻¹ + 线元积分范畴错误）未被引擎撤销
C33,第一性审计,falsified,audit,FAIL,L0,FAIL,统一脚本 §6-1：[α²K]=L⁻¹ 而 [∇×B]=L⁻¹·M·T⁻²·I⁻¹，差因子 M·T⁻²·I⁻¹ 非无量纲；K 若改取 [∇×B] 量纲则不再是曲率
C87,第一性审计,falsified,audit,INFO,L0,FAIL,无登记
C88,第一性审计,falsified,audit,INFO,L0,FAIL,无登记
C89,第一性审计,falsified,audit,INFO,L0,FAIL,无登记
C90,第一性审计,pass,audit,INFO,L1,REJECT-CAP,无登记
C91,第一性审计,falsified,audit,INFO,L0,FAIL,无登记
C34,第一性审计,pass,audit,PARTIAL,L1,REJECT-CAP,C41 支持 μ₀J 补全；J_geo 源项与电荷守恒约束仍缺闭合（§6-3 仍 FAIL）
C35,第一性审计,open,audit,PASS,L1,REJECT-CAP,V21续修 §13：open（框架就绪·公式需修正）——GR 项 PASS，几何项公式 FAIL
C36,第一性审计,falsified,audit,FAIL,L0,FAIL,统一脚本 §6-5：∇Φ/Φ₀ 需无量纲 ⇒ [Φ₀]=[Φ]/L ≠ [Φ]；Φ₀ 作为 Φ 取值与量纲要求冲突
C37,第一性审计,falsified,audit,FAIL,L0,FAIL,统一脚本 §9-1/§9-2：H6/O6/C3/U2 合计 17 ≠ 自列 10 子系统；C 1→3、U 0→2 上升却称清零；UFT-3 靶登记仍 0
C38,第一性审计,BOUNDARY,audit,PASS,L1,REJECT-CAP,§9.5-4：三审计算法已实现（open→BOUNDARY），提交理论自身仍缺公开规格
C39,闭环修复,pass,repair,PASS,L2,ALLOW,第二阶段 B1：|R'|=c 四组参数复算偏差 1.34e-51
C40,闭环修复,open,repair,PASS,L1,REJECT-CAP,第二阶段：几何不固定 α（定理 H 实算版）
C41,闭环修复,pass,repair,PASS,L2,ALLOW,第二阶段 B2：μ₀J 补全，∮B·dl=μ₀I 数值复现
C42,闭环修复,boundary,repair,PASS,L1,REJECT-CAP,第二阶段 B3：Φ 线性 ⇒ 因子恒等于 1，零新增内容
C43,第一性审计,falsified,audit,PASS,L0,FAIL,第二阶段：修复目标与 X8–X15 不相交，清零不成立
C44,闭环修复,pass,repair,PASS,L1,REJECT-CAP,第二阶段 B4：ρ 无消费方程，删除属严格改进
C45,第一性审计,open,audit,PASS,L1,REJECT-CAP,第二阶段残差：3 未知/1 约束·α 自由·靶登记 0·L3=0
C46,第一性审计,info,audit,PASS,L0,INFO,§9.6-1：C25 数值复核确认欠定（N 三量级均可命中 α）
C47,第一性审计,info,audit,PASS,L0,INFO,§9.6-2：C35 RK4 复核（线性 Φ 零进动，GR 1PN 匹配但为拟合）
C48,第一性审计,open,audit,PASS,L1,REJECT-CAP,V21续修 §12：LB 谱扫描，α_n 相对差 ≤ 1.09e-75，正确传播误差 2.18e-87
C49,第一性审计,open,audit,PASS,L1,REJECT-CAP,V21续修 §13：金星/地球几何修正预测差 1.9×/2.6×，量级 ~1e-3 角秒/百年
C50,第一性审计,open,audit,PASS,L1,REJECT-CAP,V22 §15：C25 谱 n 域扩展扫描（n=1..12+10^k），谱宽达 α 精度需 n_detect=2.196e33，二阶项=V0 需 n_unit=1.793e38 ⇒ 阈值不可达
C51,第一性审计,open,audit,PASS,L1,REJECT-CAP,V22 §16：β0=3h²/c² 使草稿 Binet 方程 ≡ GR 1PN（u² 系数 3GM/c² 精确相等）；β-free 形状比随 a²/a³ 框架歧义 1.87×/2.58×；标定靶=最佳靶 ⇒ 独立判别力为零
C52,第一性审计,BOUNDARY,audit,PASS,L1,REJECT-CAP,V22 §17：全量 claims 批量审计引擎（类别→证据型→层级），结果 L3=0、无量纲靶登记=0
C53,第一性审计,falsified,audit,PASS,L0,FAIL,V21续修② §18：GravBubble 量纲三重失败、高斯积分漏乘 π^(3/2)、δφ 非无量纲、×c⁴ 修复后 E=1.14e16 J 与实验室矛盾、无作用量故非孤子、V=-4 伪派生
C54,第一性审计,falsified,audit,PASS,L0,FAIL,V21续修② §19：TUFT-RG b 系数六自由无推导、精确定理证明给定系数下无紫外非平凡固定点（sympy 解集仅原点）、草稿 findroot 抛 TypeError、能标口径混用虚增跨度 34.96、Landau 极点依赖任意 IR 输入
C55,第一性审计,falsified,audit,INFO,L0,FAIL,V21续修③ 登记文本：双圆 RG 截断伪影定理（gk*=−b1/d1 使二阶/一阶项比=−1 精确）、固定点搜索代码 mpmath 1.3.0 下不可运行、到达 gk* 需 ln μ=572.06 而 Planck 跨度仅 64.67、自由系数 6→13 且仍无作用量
C56,第一性审计,falsified,audit,INFO,L0,FAIL,V21续修③ 登记文本：σ 段方程不含 G/κ0/τ0/α_g 任一（(κ0²+α_gτ0²) 恒约去）、量纲两头非法、显式 Euler 步长越界 986.7 倍（dt=5e-8 vs 稳定界 5.07e-11）、草稿 σ_end 伪迹 1.9757e6 vs 稳定参考解 8.06e-13（差 2.45e18 倍）、σ̈=3/σ>0 永不瘦缩
C57,元审计,BOUNDARY,construction,INFO,L1,REJECT-CAP,V21续修③ 元审计登记文本：自评清单计数不符（实测 PASS=18/open=19 自述 20/17）、与台账冲突 9 处、四态退化、矛盾自检算法为桩函数、CSV 导出破坏列结构（6 字段）
C58,第一性审计,falsified,audit,INFO,L0,FAIL,V21续修④ 登记文本：薛定谔式 −ℏ²d²/ds²+V(s)ψ=Eψ 三项量纲互不一致（V0 无量纲 vs [L⁻²] vs [M²L²T⁻²]）、几何不变量残差按构造成立（tautology）、独立复算确认谱退化（α 精度/谱宽=10^65.14 量级）
C59,第一性审计,falsified,audit,INFO,L0,FAIL,V21续修④ 登记文本：Binet 方程符号错误（草稿正号 vs 力律自洽的负号）、正确符号下匹配 GR 需 λgΦ0=−3h²/c²（负值）、GR 项独立复算 0.1035 角秒/轨道=42.95 角秒/百年 vs 观测 43
C60,第一性审计,falsified,audit,INFO,L0,FAIL,本审计 EHT 攻坚（空间螺旋EHT光子环_攻坚审计.py，mpmath 250 位）：GR 基准复现 θ_sh=52.106/39.689 μas、b_crit/r_s=3√3/2 精确；散射角 RK4 七档收敛、1PN 弱场极限偏差 1.09e-5；纲领映射审查 8/8 FAIL；判别式 V=F−C=0≤0 ⇒ 无映射方程层
C61,第一性审计,falsified,audit,INFO,L0,FAIL,本审计 CMB 攻坚（空间螺旋CMB拓扑双谱_攻坚审计.py，mpmath 250 位）：Planck 2018 靶基准复算 （声峰 l≈220、f_NL=−0.9±5.1、n_s=0.965±0.004、A_s=2.105e-9、r<0.036）；映射审查 8/8 FAIL（与 C60 EHT 逐项同型）；判别式 V=0 ≤ 0 ⇒ 无映射方程层；CMB 仿真本体（Boltzmann）未提交
C62,第一性审计,falsified,audit,INFO,L0,FAIL,本审计数学链精算验证·二期：ω=c(κ²+τ²)/κ=c/ρ vs 光速约束 c/L，250 位相对差 2.66253228e-5=解析因子 √(1+α²)−1（α=b/ρ）；正确组合 c√(κ²+τ²)=c/L 与约束偏差 1.56e-251；仅 b=0 自洽
C63,第一性审计,falsified,audit,INFO,L0,FAIL,本审计频率链精算验证·三期：匀速螺旋 ω=const ⇒ dω/dt≡0 ⇒ F₅=(ℏ/2)dω/dt≡0（250 位机器零）；量纲 [F₅]=功率(W)≠力（X11）
C64,第一性审计,falsified,audit,INFO,L0,FAIL,本审计开放项精算验证·四期：Δ_top=1/(4π²)=0.02533029591，α_pred=sin(1/(137+Δ_top))=0.0072978559603 vs α_obs=0.0072973525693 相对差 6.898e-5；精确反解 Δ_top=1/asin(α)−137=0.0347828（01A 近似 0.03599908）与理论值差 27%~30%
C65,拓扑本源,falsified,construction,INFO,L0,FAIL,剩余开放项总攻·五期：N=137 材料自陈手填/输入非输出（00_总纲 L43；01A X4），1/α=137.036≠137 相对差 2.63e-4
C66,几何表达式,falsified,construction,INFO,L0,FAIL,剩余开放项总攻·五期：κ_G/τ_G 自由⇒恒等零内容；绑定 C02⇒G_pred=2.84e42/1.50e36 偏大 46~53 量级；ρ 双口径差 1373 倍不自洽
C67,数学项命名,falsified,identity,INFO,L0,FAIL,剩余开放项总攻·五期：αⁿ/N 全域（n=1..6、N=137~1e6）最大 5.33e-5，较 Ω_B=0.0493 小 13+ 量级，无 (n；N) 命中宇宙学占比
C68,第一性锚点,falsified,construction,INFO,L0,FAIL,剩余开放项总攻·五期：ρ=√(G/(α²μ₀c²)) 由 G 反推，材料自陈代数恒等式非独立物理推导（00_总纲 L95）
C69,第一性审计,falsified,audit,INFO,L0,FAIL,剩余开放项总攻·五期：α=(1/(2√N))(c/(ωA)) V=(1−2−1)/1=−2 伪派生；N 无选择力不可证伪
C70,第一性审计,falsified,audit,INFO,L0,FAIL,剩余开放项总攻·五期：F_grav 二分 n=1 零内容可吸收进 G；n≠1 违反 Bertrand 闭合轨道定理
C71,场方程协变性,boundary,construction,INFO,L1,REJECT-CAP,无登记
C72,辐射,pass,construction,INFO,L1,REJECT-CAP,无登记
C73,辐射修正,open,construction,INFO,L1,REJECT-CAP,无登记
C74,统一作用量,boundary,construction,INFO,L1,REJECT-CAP,无登记
C75,数值实现,boundary,construction,INFO,L1,REJECT-CAP,无登记
C76,数值验证,boundary,construction,INFO,L1,REJECT-CAP,无登记
C77,数值验证,boundary,construction,INFO,L1,REJECT-CAP,无登记
C78,数值验证,boundary,construction,INFO,L1,REJECT-CAP,无登记
C79,数值验证,boundary,construction,INFO,L1,REJECT-CAP,无登记
C80,符号核验,falsified,construction,INFO,L0,FAIL,无登记
C81,符号核验,falsified,construction,INFO,L0,FAIL,无登记
C82,理论推导,open,construction,INFO,L1,REJECT-CAP,无登记
C83,数值验证,boundary,construction,INFO,L1,REJECT-CAP,无登记
C84,元审计,falsified,construction,INFO,L0,FAIL,无登记
C85,一致性检查,boundary,construction,INFO,L1,REJECT-CAP,无登记
C86,第一性审计,info,audit,INFO,L0,INFO,无登记
C92,变分审计,falsified,construction,INFO,L0,FAIL,无登记
C93,变分审计,pass,construction,INFO,L1,REJECT-CAP,无登记
C94,变分审计,pass,construction,INFO,L1,REJECT-CAP,无登记
C95,变分审计,pass,construction,INFO,L1,REJECT-CAP,无登记
C96,几何门禁,pass,construction,INFO,L1,REJECT-CAP,无登记
C97,数值验证,boundary,construction,INFO,L1,REJECT-CAP,无登记
C98,数值验证,boundary,construction,INFO,L1,REJECT-CAP,无登记
C99,数值验证,boundary,construction,INFO,L1,REJECT-CAP,无登记
C100,数值验证,open,construction,INFO,L1,REJECT-CAP,无登记
C101,12档)均无局域玻色星解(坍缩到视界或停留假真空平台)；解析佐证天然Q-ball 2M=202≫R=5.7、M/Mmax=71.6深陷视界内⇒g=1无稳定玻色星成立；求解器平直极限g→0还原Q-ball仍验证通过;数值验证,pass,construction,INFO,L1,REJECT-CAP,无登记
C102,数值验证,pass,construction,INFO,L1,REJECT-CAP,无登记
C103,Q∈191.6-203.7)，紧致度2M/R99≈0.10、M/Mmax≈0.33-0.36远小于1⇒稳定暗物质候选;数值验证,pass,construction,INFO,L1,REJECT-CAP,无登记
C104,数值验证,pass,construction,INFO,L1,REJECT-CAP,无登记
C105,数值验证,pass,construction,INFO,L1,REJECT-CAP,无登记
C106,数值验证,pass,construction,INFO,L1,REJECT-CAP,无登记
C107,数值验证,BOUNDARY,construction,INFO,L1,REJECT-CAP,无登记
C108,尺度分析,BOUNDARY,construction,INFO,L1,REJECT-CAP,无登记
C109,结构分析,BOUNDARY,construction,INFO,L1,REJECT-CAP,无登记
C110,数值验证,pass,construction,INFO,L1,REJECT-CAP,无登记
C111,综合定稿,pass,construction,INFO,L1,REJECT-CAP,无登记
C112,尺度分析,falsified,construction,INFO,L0,FAIL,六期攻破：统一比预言恒等性——α/α_G=(q0²/Gm²) 含自由参数：m 无物理值（无 ℏ 锚/尺度简并自认）、q0 自由（C108 自认无 q0=f(G) 路径）、C107 特异荷 q0/G=(e/m_e)/(Q/E0)=7.704e10 为实验 e/m 反推（恒等重排）；量子化后 α=q0²/4πℏc 为 e 定义重写 ⇒ 无独立预测力
C113,辐射修正,falsified,construction,INFO,L0,FAIL,六期攻破：C73 δP∝V₂·(Q₀²a_μa^μ/6πε₀c³)·ε(a) 不可检验——ε(a) 全程仅「≪1」无模型；16 号解析严格：刚性共加速 δP≡0 形状无关 ⇒ V₂ 显式因子不成立；形变模型 δP/P=K·ε² 的 K 待定 ⇒ δP 无数值预言、无实验靶
