来源编号,原作者,原题名,年份,原始链接,路线编号,核实日期,核实范围
文献01,CERN,Unified forces,未标注,https://home.web.cern.ch/science/physics/unified-forces/,G01,2026-09-09,已核对来源页面与摘要；未完成全文审查或最新进展综述
文献02,John H. Schwarz,Introduction to Superstring Theory,2000,https://arxiv.org/abs/hep-ex/0008017,G02,2026-09-09,已核对来源页面与摘要；未完成全文审查或最新进展综述
文献03,Abhay Ashtekar; Jerzy Lewandowski,Background Independent Quantum Gravity: A Status Report,2004,https://arxiv.org/abs/gr-qc/0404018,G03,2026-09-09,已核对来源页面与摘要；未完成全文审查或最新进展综述
文献04,Alfio Bonanno; Astrid Eichhorn; Holger Gies; Jan M. Pawlowski; Roberto Percacci; Martin Reuter; Frank Saueressig; Gian Paolo Vacca,Critical reflections on asymptotically safe gravity,2020,https://arxiv.org/abs/2004.06810,G04,2026-09-09,已核对来源页面与摘要；未完成全文审查或最新进展综述
文献05,Sumati Surya,The causal set approach to quantum gravity,2019,https://arxiv.org/abs/1903.11544,G05,2026-09-09,已核对来源页面与摘要；未完成全文审查或最新进展综述
文献06,R. Loll,Quantum Gravity from Causal Dynamical Triangulations: A Review,2019,https://arxiv.org/abs/1905.08669,G06,2026-09-09,已核对来源页面与摘要；未完成全文审查或最新进展综述
文献07,Ali H. Chamseddine; Alain Connes; Matilde Marcolli,Gravity and the standard model with neutrino mixing,2006,https://arxiv.org/abs/hep-th/0610241,G07,2026-09-09,已核对来源页面与摘要；未完成全文审查或最新进展综述
文献08,Juan M. Maldacena,The Large N Limit of Superconformal Field Theories and Supergravity,1997,https://arxiv.org/abs/hep-th/9711200,G08,2026-09-09,已核对来源页面与摘要；未完成全文审查或最新进展综述
文献09,Erik P. Verlinde,On the Origin of Gravity and the Laws of Newton,2010,https://arxiv.org/abs/1001.0785,G09,2026-09-09,已核对来源页面与摘要；未完成全文审查或最新进展综述
