时间 (s),位置 (m),相对误差 (%)
0.0,0.0,0.0
1.0101010101010101e-05,3030.3030303030305,1.5006662579253317e-14
2.0202020202020203e-05,6060.606060606061,1.5006662579253317e-14
3.0303030303030306e-05,9090.909090909092,2.000888343900442e-14
4.0404040404040405e-05,12121.212121212122,0.0
5.0505050505050505e-05,15151.515151515152,0.0
6.060606060606061e-05,18181.818181818184,0.0
7.07070707070707e-05,21212.121212121212,0.0
8.080808080808081e-05,24242.424242424244,0.0
9.090909090909092e-05,27272.727272727276,0.0
0.00010101010101010101,30303.030303030304,0.0
0.00011111111111111112,33333.333333333336,0.0
0.00012121212121212122,36363.63636363637,0.0
0.00013131313131313133,39393.9393939394,0.0
0.0001414141414141414,42424.242424242424,0.0
0.00015151515151515152,45454.545454545456,0.0
0.00016161616161616162,48484.84848484849,0.0
0.00017171717171717173,51515.15151515152,0.0
0.00018181818181818183,54545.45454545455,0.0
0.00019191919191919191,57575.757575757576,0.0
0.00020202020202020202,60606.06060606061,0.0
0.00021212121212121213,63636.36363636364,0.0
0.00022222222222222223,66666.66666666667,0.0
0.00023232323232323234,69696.9696969697,0.0
0.00024242424242424245,72727.27272727274,0.0
0.0002525252525252525,75757.57575757576,0.0
0.00026262626262626266,78787.8787878788,0.0
0.00027272727272727274,81818.18181818182,0.0
0.0002828282828282828,84848.48484848485,0.0
0.00029292929292929295,87878.78787878789,0.0
0.00030303030303030303,90909.09090909091,0.0
0.00031313131313131316,93939.39393939395,0.0
0.00032323232323232324,96969.69696969698,0.0
0.0003333333333333333,100000.0,0.0
0.00034343434343434346,103030.30303030304,0.0
0.00035353535353535354,106060.60606060606,0.0
0.00036363636363636367,109090.9090909091,0.0
0.00037373737373737375,112121.21212121213,0.0
0.00038383838383838383,115151.51515151515,0.0
0.00039393939393939396,118181.81818181819,0.0
0.00040404040404040404,121212.12121212122,0.0
0.0004141414141414142,124242.42424242425,0.0
0.00042424242424242425,127272.72727272728,0.0
0.00043434343434343433,130303.0303030303,0.0
0.00044444444444444447,133333.33333333334,0.0
0.00045454545454545455,136363.63636363635,0.0
0.0004646464646464647,139393.9393939394,0.0
0.00047474747474747476,142424.24242424243,0.0
0.0004848484848484849,145454.54545454547,0.0
0.000494949494949495,148484.84848484848,0.0
0.000505050505050505,151515.15151515152,0.0
0.0005151515151515151,154545.45454545453,0.0
0.0005252525252525253,157575.7575757576,0.0
0.0005353535353535354,160606.0606060606,0.0
0.0005454545454545455,163636.36363636365,0.0
0.0005555555555555556,166666.66666666666,0.0
0.0005656565656565656,169696.9696969697,0.0
0.0005757575757575758,172727.27272727274,0.0
0.0005858585858585859,175757.57575757577,0.0
0.000595959595959596,178787.87878787878,0.0
0.0006060606060606061,181818.18181818182,0.0
0.0006161616161616161,184848.48484848483,0.0
0.0006262626262626263,187878.7878787879,0.0
0.0006363636363636364,190909.0909090909,0.0
0.0006464646464646465,193939.39393939395,0.0
0.0006565656565656566,196969.69696969696,0.0
0.0006666666666666666,200000.0,0.0
0.0006767676767676768,203030.30303030304,0.0
0.0006868686868686869,206060.60606060608,0.0
0.000696969696969697,209090.9090909091,0.0
0.0007070707070707071,212121.21212121213,0.0
0.0007171717171717171,215151.51515151514,0.0
0.0007272727272727273,218181.8181818182,0.0
0.0007373737373737374,221212.12121212122,0.0
0.0007474747474747475,224242.42424242425,0.0
0.0007575757575757576,227272.72727272726,0.0
0.0007676767676767677,230303.0303030303,0.0
0.0007777777777777778,233333.33333333334,0.0
0.0007878787878787879,236363.63636363638,0.0
0.000797979797979798,239393.9393939394,0.0
0.0008080808080808081,242424.24242424243,0.0
0.0008181818181818182,245454.54545454544,0.0
0.0008282828282828283,248484.8484848485,0.0
0.0008383838383838384,251515.15151515152,0.0
0.0008484848484848485,254545.45454545456,0.0
0.0008585858585858586,257575.75757575757,0.0
0.0008686868686868687,260606.0606060606,0.0
0.0008787878787878789,263636.36363636365,0.0
0.0008888888888888889,266666.6666666667,0.0
0.000898989898989899,269696.9696969697,0.0
0.0009090909090909091,272727.2727272727,0.0
0.0009191919191919192,275757.57575757575,0.0
0.0009292929292929294,278787.8787878788,0.0
0.0009393939393939394,281818.1818181818,0.0
0.0009494949494949495,284848.48484848486,0.0
0.0009595959595959596,287878.7878787879,0.0
0.0009696969696969698,290909.09090909094,0.0
0.0009797979797979799,293939.393939394,0.0
0.00098989898989899,296969.69696969696,0.0
0.001,300000.0,0.0
