时间 (s),位置 (m)
0.0,0.0
1.01010101010101e-08,3.0303030303030303
2.02020202020202e-08,6.0606060606060606
3.0303030303030305e-08,9.090909090909092
4.04040404040404e-08,12.121212121212121
5.05050505050505e-08,15.15151515151515
6.060606060606061e-08,18.181818181818183
7.070707070707071e-08,21.21212121212121
8.08080808080808e-08,24.242424242424242
9.09090909090909e-08,27.27272727272727
1.01010101010101e-07,30.3030303030303
1.1111111111111111e-07,33.333333333333336
1.2121212121212122e-07,36.36363636363637
1.313131313131313e-07,39.39393939393939
1.4141414141414141e-07,42.42424242424242
1.515151515151515e-07,45.454545454545446
1.616161616161616e-07,48.484848484848484
1.7171717171717172e-07,51.515151515151516
1.818181818181818e-07,54.54545454545454
1.919191919191919e-07,57.57575757575757
2.02020202020202e-07,60.6060606060606
2.121212121212121e-07,63.63636363636363
2.2222222222222222e-07,66.66666666666667
2.323232323232323e-07,69.69696969696969
2.4242424242424244e-07,72.72727272727273
2.525252525252525e-07,75.75757575757575
2.626262626262626e-07,78.78787878787878
2.727272727272727e-07,81.81818181818181
2.8282828282828283e-07,84.84848484848484
2.929292929292929e-07,87.87878787878788
3.03030303030303e-07,90.90909090909089
3.1313131313131313e-07,93.93939393939394
3.232323232323232e-07,96.96969696969697
3.333333333333333e-07,99.99999999999999
3.4343434343434344e-07,103.03030303030303
3.535353535353535e-07,106.06060606060606
3.636363636363636e-07,109.09090909090908
3.7373737373737374e-07,112.12121212121212
3.838383838383838e-07,115.15151515151514
3.939393939393939e-07,118.18181818181817
4.04040404040404e-07,121.2121212121212
4.1414141414141413e-07,124.24242424242424
4.242424242424242e-07,127.27272727272727
4.343434343434343e-07,130.30303030303028
4.4444444444444444e-07,133.33333333333334
4.545454545454545e-07,136.36363636363635
4.646464646464646e-07,139.39393939393938
4.7474747474747474e-07,142.42424242424244
4.848484848484849e-07,145.45454545454547
4.949494949494949e-07,148.48484848484847
5.05050505050505e-07,151.5151515151515
5.151515151515151e-07,154.54545454545453
5.252525252525252e-07,157.57575757575756
5.353535353535354e-07,160.6060606060606
5.454545454545454e-07,163.63636363636363
5.555555555555555e-07,166.66666666666666
5.656565656565657e-07,169.6969696969697
5.757575757575757e-07,172.72727272727272
5.858585858585858e-07,175.75757575757575
5.95959595959596e-07,178.78787878787878
6.06060606060606e-07,181.81818181818178
6.161616161616161e-07,184.84848484848484
6.262626262626263e-07,187.87878787878788
6.363636363636363e-07,190.90909090909088
6.464646464646464e-07,193.93939393939394
6.565656565656566e-07,196.96969696969697
6.666666666666666e-07,199.99999999999997
6.767676767676767e-07,203.03030303030303
6.868686868686869e-07,206.06060606060606
6.969696969696969e-07,209.09090909090907
7.07070707070707e-07,212.12121212121212
7.171717171717172e-07,215.15151515151516
7.272727272727272e-07,218.18181818181816
7.373737373737373e-07,221.21212121212122
7.474747474747475e-07,224.24242424242425
7.575757575757575e-07,227.27272727272725
7.676767676767677e-07,230.30303030303028
7.777777777777778e-07,233.33333333333334
7.878787878787878e-07,236.36363636363635
7.97979797979798e-07,239.39393939393938
8.08080808080808e-07,242.4242424242424
8.181818181818181e-07,245.45454545454544
8.282828282828283e-07,248.48484848484847
8.383838383838383e-07,251.5151515151515
8.484848484848484e-07,254.54545454545453
8.585858585858586e-07,257.57575757575756
8.686868686868686e-07,260.60606060606057
8.787878787878787e-07,263.6363636363636
8.888888888888889e-07,266.6666666666667
8.989898989898989e-07,269.6969696969697
9.09090909090909e-07,272.7272727272727
9.191919191919192e-07,275.75757575757575
9.292929292929292e-07,278.78787878787875
9.393939393939393e-07,281.8181818181818
9.494949494949495e-07,284.8484848484849
9.595959595959596e-07,287.8787878787879
9.696969696969698e-07,290.90909090909093
9.797979797979797e-07,293.9393939393939
9.898989898989898e-07,296.96969696969694
1e-06,300.0
