阶数,名称,理论模值,实际平均模值,标准差,误差,常数模验证,理论值验证
0,位置,随时间变化,6.431769522386112,3.5066474360004167,0.0,失败,通过
1,速度,1.4142135623730951,1.4142135623730956,4.468561475845091e-16,4.440892098500626e-16,通过,通过
2,加速度,1.0,1.0,4.7363732952779937e-17,0.0,通过,通过
3,加加速度,1.0,1.0,4.7363732952779937e-17,0.0,通过,通过
4,急动度,1.0,1.0,4.7363732952779937e-17,0.0,通过,通过
5,振颤度,1.0,1.0,4.7363732952779937e-17,0.0,通过,通过
6,爆度,1.0,1.0,4.7363732952779937e-17,0.0,通过,通过
7,锁度,1.0,1.0,4.7363732952779937e-17,0.0,通过,通过
8,落度,1.0,1.0,4.7363732952779937e-17,0.0,通过,通过
