时间,曲率,挠率
0.0,0.49999999999999994,0.4999999999999999
0.012578949563923095,0.49999999999999994,0.4999999999999999
0.02515789912784619,0.5,0.4999999999999999
0.037736848691769284,0.49999999999999983,0.5000000000000001
0.05031579825569238,0.49999999999999994,0.4999999999999999
0.06289474781961547,0.49999999999999983,0.5000000000000001
0.07547369738353857,0.49999999999999994,0.4999999999999999
0.08805264694746166,0.49999999999999994,0.4999999999999999
0.10063159651138476,0.49999999999999983,0.5000000000000001
0.11321054607530785,0.49999999999999994,0.4999999999999999
0.12578949563923095,0.49999999999999994,0.4999999999999999
0.13836844520315406,0.49999999999999994,0.4999999999999999
0.15094739476707714,0.49999999999999994,0.4999999999999999
0.16352634433100022,0.49999999999999994,0.4999999999999999
0.17610529389492333,0.49999999999999994,0.4999999999999999
0.18868424345884643,0.49999999999999994,0.4999999999999999
0.20126319302276952,0.49999999999999994,0.4999999999999999
0.2138421425866926,0.49999999999999994,0.4999999999999999
0.2264210921506157,0.49999999999999994,0.4999999999999999
0.2390000417145388,0.49999999999999983,0.5000000000000001
0.2515789912784619,0.49999999999999983,0.5000000000000001
0.264157940842385,0.49999999999999994,0.4999999999999999
0.2767368904063081,0.49999999999999994,0.4999999999999999
0.2893158399702312,0.49999999999999994,0.4999999999999999
0.3018947895341543,0.49999999999999983,0.5000000000000001
0.31447373909807735,0.49999999999999994,0.4999999999999999
0.32705268866200043,0.49999999999999994,0.4999999999999999
0.33963163822592357,0.5,0.4999999999999999
0.35221058778984665,0.49999999999999994,0.4999999999999999
0.36478953735376973,0.49999999999999983,0.5000000000000001
0.37736848691769287,0.49999999999999994,0.4999999999999999
0.38994743648161595,0.49999999999999994,0.4999999999999999
0.40252638604553903,0.49999999999999994,0.4999999999999999
0.4151053356094621,0.49999999999999983,0.5000000000000001
0.4276842851733852,0.49999999999999994,0.4999999999999999
0.44026323473730833,0.49999999999999994,0.4999999999999999
0.4528421843012314,0.49999999999999994,0.4999999999999999
0.4654211338651545,0.49999999999999994,0.4999999999999999
0.4780000834290776,0.49999999999999994,0.4999999999999999
0.4905790329930007,0.49999999999999994,0.4999999999999999
0.5031579825569238,0.49999999999999994,0.4999999999999999
0.5157369321208469,0.49999999999999994,0.4999999999999999
0.52831588168477,0.49999999999999994,0.4999999999999999
0.5408948312486931,0.49999999999999983,0.5000000000000001
0.5534737808126162,0.49999999999999983,0.5000000000000001
0.5660527303765392,0.49999999999999983,0.5000000000000001
0.5786316799404624,0.49999999999999994,0.4999999999999999
0.5912106295043854,0.49999999999999994,0.4999999999999999
0.6037895790683085,0.49999999999999994,0.4999999999999999
0.6163685286322317,0.49999999999999994,0.4999999999999999
0.6289474781961547,0.49999999999999994,0.4999999999999999
0.6415264277600778,0.49999999999999983,0.5000000000000001
0.6541053773240009,0.49999999999999994,0.4999999999999999
0.666684326887924,0.49999999999999994,0.4999999999999999
0.6792632764518471,0.49999999999999983,0.5000000000000001
0.6918422260157702,0.49999999999999994,0.4999999999999999
0.7044211755796933,0.49999999999999994,0.4999999999999999
0.7170001251436164,0.49999999999999994,0.4999999999999999
0.7295790747075395,0.49999999999999994,0.4999999999999999
0.7421580242714626,0.49999999999999994,0.4999999999999999
0.7547369738353857,0.49999999999999994,0.4999999999999999
0.7673159233993088,0.49999999999999994,0.4999999999999999
0.7798948729632319,0.49999999999999994,0.4999999999999999
0.7924738225271549,0.49999999999999994,0.4999999999999999
0.8050527720910781,0.49999999999999994,0.4999999999999999
0.8176317216550012,0.49999999999999994,0.4999999999999999
0.8302106712189242,0.49999999999999994,0.4999999999999999
0.8427896207828474,0.49999999999999983,0.5000000000000001
0.8553685703467704,0.49999999999999994,0.4999999999999999
0.8679475199106935,0.49999999999999994,0.4999999999999999
0.8805264694746167,0.49999999999999994,0.4999999999999999
0.8931054190385397,0.5,0.4999999999999999
0.9056843686024628,0.49999999999999994,0.4999999999999999
0.918263318166386,0.49999999999999994,0.4999999999999999
0.930842267730309,0.49999999999999994,0.4999999999999999
0.9434212172942321,0.49999999999999994,0.4999999999999999
0.9560001668581553,0.49999999999999994,0.4999999999999999
0.9685791164220783,0.49999999999999994,0.4999999999999999
0.9811580659860014,0.49999999999999994,0.4999999999999999
0.9937370155499244,0.49999999999999994,0.4999999999999999
1.0063159651138476,0.49999999999999994,0.4999999999999999
1.0188949146777706,0.49999999999999994,0.4999999999999999
1.0314738642416938,0.49999999999999994,0.4999999999999999
1.0440528138056169,0.49999999999999994,0.4999999999999999
1.05663176336954,0.49999999999999983,0.5000000000000001
1.0692107129334631,0.49999999999999994,0.4999999999999999
1.0817896624973862,0.49999999999999983,0.5000000000000001
1.0943686120613092,0.49999999999999994,0.4999999999999999
1.1069475616252324,0.49999999999999994,0.4999999999999999
1.1195265111891555,0.49999999999999994,0.4999999999999999
1.1321054607530785,0.49999999999999994,0.4999999999999999
1.1446844103170015,0.5,0.4999999999999999
1.1572633598809248,0.49999999999999994,0.4999999999999999
1.1698423094448478,0.49999999999999983,0.5000000000000001
1.1824212590087708,0.49999999999999983,0.5000000000000001
1.195000208572694,0.49999999999999983,0.5000000000000001
1.207579158136617,0.49999999999999983,0.5000000000000001
1.2201581077005401,0.49999999999999994,0.4999999999999999
1.2327370572644634,0.49999999999999994,0.4999999999999999
1.2453160068283864,0.49999999999999994,0.4999999999999999
1.2578949563923094,0.49999999999999994,0.4999999999999999
1.2704739059562327,0.5,0.4999999999999999
1.2830528555201557,0.49999999999999994,0.4999999999999999
1.2956318050840787,0.49999999999999994,0.4999999999999999
1.3082107546480017,0.49999999999999994,0.4999999999999999
1.320789704211925,0.49999999999999994,0.4999999999999999
1.333368653775848,0.49999999999999994,0.4999999999999999
1.345947603339771,0.49999999999999994,0.4999999999999999
1.3585265529036943,0.49999999999999994,0.4999999999999999
1.3711055024676173,0.49999999999999994,0.4999999999999999
1.3836844520315403,0.49999999999999994,0.4999999999999999
1.3962634015954636,0.49999999999999983,0.5000000000000001
1.4088423511593866,0.49999999999999994,0.4999999999999999
1.4214213007233096,0.49999999999999994,0.4999999999999999
1.4340002502872329,0.49999999999999994,0.4999999999999999
1.446579199851156,0.49999999999999983,0.5000000000000001
1.459158149415079,0.49999999999999994,0.4999999999999999
1.4717370989790022,0.49999999999999994,0.4999999999999999
1.4843160485429252,0.49999999999999983,0.5000000000000001
1.4968949981068482,0.49999999999999994,0.4999999999999999
1.5094739476707715,0.49999999999999994,0.4999999999999999
1.5220528972346945,0.49999999999999994,0.4999999999999999
1.5346318467986175,0.49999999999999994,0.4999999999999999
1.5472107963625406,0.49999999999999994,0.4999999999999999
1.5597897459264638,0.49999999999999994,0.4999999999999999
1.5723686954903868,0.49999999999999994,0.4999999999999999
1.5849476450543099,0.49999999999999994,0.4999999999999999
1.597526594618233,0.49999999999999994,0.4999999999999999
1.6101055441821561,0.49999999999999983,0.5000000000000001
1.6226844937460791,0.49999999999999994,0.4999999999999999
1.6352634433100024,0.49999999999999994,0.4999999999999999
1.6478423928739254,0.49999999999999994,0.4999999999999999
1.6604213424378484,0.49999999999999994,0.4999999999999999
1.6730002920017717,0.49999999999999994,0.4999999999999999
1.6855792415656947,0.49999999999999994,0.4999999999999999
1.6981581911296177,0.49999999999999994,0.4999999999999999
1.7107371406935408,0.49999999999999994,0.4999999999999999
1.723316090257464,0.49999999999999994,0.4999999999999999
1.735895039821387,0.49999999999999994,0.4999999999999999
1.74847398938531,0.49999999999999983,0.5000000000000001
1.7610529389492333,0.49999999999999994,0.4999999999999999
1.7736318885131563,0.49999999999999994,0.4999999999999999
1.7862108380770794,0.49999999999999994,0.4999999999999999
1.7987897876410026,0.49999999999999983,0.5000000000000001
1.8113687372049256,0.49999999999999994,0.4999999999999999
1.8239476867688487,0.49999999999999994,0.4999999999999999
1.836526636332772,0.49999999999999994,0.4999999999999999
1.849105585896695,0.49999999999999994,0.4999999999999999
1.861684535460618,0.49999999999999983,0.5000000000000001
1.8742634850245412,0.49999999999999983,0.5000000000000001
1.8868424345884642,0.49999999999999994,0.4999999999999999
1.8994213841523873,0.49999999999999994,0.4999999999999999
1.9120003337163105,0.49999999999999994,0.4999999999999999
1.9245792832802335,0.49999999999999994,0.4999999999999999
1.9371582328441566,0.49999999999999994,0.4999999999999999
1.9497371824080796,0.49999999999999994,0.4999999999999999
1.9623161319720028,0.49999999999999994,0.4999999999999999
1.9748950815359259,0.49999999999999994,0.4999999999999999
1.9874740310998489,0.49999999999999994,0.4999999999999999
2.000052980663772,0.49999999999999994,0.4999999999999999
2.012631930227695,0.49999999999999994,0.4999999999999999
2.025210879791618,0.49999999999999994,0.4999999999999999
2.037789829355541,0.49999999999999983,0.5000000000000001
2.0503687789194642,0.49999999999999994,0.4999999999999999
2.0629477284833877,0.49999999999999994,0.4999999999999999
2.0755266780473107,0.5,0.4999999999999999
2.0881056276112337,0.49999999999999994,0.4999999999999999
2.1006845771751568,0.49999999999999994,0.4999999999999999
2.11326352673908,0.49999999999999983,0.5000000000000001
2.125842476303003,0.49999999999999994,0.4999999999999999
2.1384214258669263,0.49999999999999994,0.4999999999999999
2.1510003754308493,0.49999999999999994,0.4999999999999999
2.1635793249947723,0.49999999999999994,0.4999999999999999
2.1761582745586954,0.49999999999999994,0.4999999999999999
2.1887372241226184,0.49999999999999994,0.4999999999999999
2.2013161736865414,0.49999999999999994,0.4999999999999999
2.213895123250465,0.49999999999999983,0.5
2.226474072814388,0.49999999999999994,0.4999999999999999
2.239053022378311,0.49999999999999994,0.4999999999999999
2.251631971942234,0.49999999999999994,0.4999999999999999
2.264210921506157,0.49999999999999994,0.4999999999999999
2.27678987107008,0.49999999999999994,0.4999999999999999
2.289368820634003,0.49999999999999994,0.4999999999999999
2.3019477701979265,0.49999999999999983,0.5000000000000001
2.3145267197618495,0.49999999999999994,0.4999999999999999
2.3271056693257726,0.49999999999999994,0.4999999999999999
2.3396846188896956,0.49999999999999994,0.4999999999999999
2.3522635684536186,0.49999999999999994,0.4999999999999999
2.3648425180175416,0.49999999999999994,0.4999999999999999
2.377421467581465,0.49999999999999994,0.4999999999999999
2.390000417145388,0.49999999999999983,0.5
2.402579366709311,0.49999999999999994,0.4999999999999999
2.415158316273234,0.49999999999999994,0.4999999999999999
2.427737265837157,0.49999999999999983,0.5000000000000001
2.4403162154010802,0.49999999999999983,0.5000000000000001
2.4528951649650033,0.49999999999999994,0.4999999999999999
2.4654741145289267,0.49999999999999983,0.5000000000000001
2.4780530640928498,0.49999999999999994,0.4999999999999999
2.490632013656773,0.49999999999999983,0.5000000000000001
2.503210963220696,0.49999999999999994,0.4999999999999999
2.515789912784619,0.49999999999999983,0.5000000000000001
2.528368862348542,0.49999999999999994,0.4999999999999999
2.5409478119124653,0.49999999999999994,0.4999999999999999
2.5535267614763884,0.49999999999999994,0.4999999999999999
2.5661057110403114,0.49999999999999983,0.5000000000000001
2.5786846606042344,0.49999999999999994,0.4999999999999999
2.5912636101681574,0.49999999999999994,0.4999999999999999
2.6038425597320805,0.49999999999999994,0.4999999999999999
2.6164215092960035,0.49999999999999994,0.4999999999999999
2.629000458859927,0.49999999999999994,0.4999999999999999
2.64157940842385,0.49999999999999983,0.5000000000000001
2.654158357987773,0.49999999999999994,0.4999999999999999
2.666737307551696,0.49999999999999994,0.4999999999999999
2.679316257115619,0.49999999999999994,0.4999999999999999
2.691895206679542,0.49999999999999994,0.4999999999999999
2.7044741562434655,0.49999999999999994,0.4999999999999999
2.7170531058073886,0.49999999999999983,0.5000000000000001
2.7296320553713116,0.49999999999999994,0.4999999999999999
2.7422110049352346,0.49999999999999994,0.4999999999999999
2.7547899544991576,0.49999999999999994,0.4999999999999999
2.7673689040630807,0.49999999999999994,0.4999999999999999
2.779947853627004,0.49999999999999994,0.4999999999999999
2.792526803190927,0.49999999999999983,0.5000000000000001
2.80510575275485,0.49999999999999994,0.4999999999999999
2.817684702318773,0.49999999999999994,0.4999999999999999
2.8302636518826962,0.49999999999999994,0.4999999999999999
2.8428426014466193,0.49999999999999983,0.5000000000000001
2.8554215510105423,0.49999999999999994,0.4999999999999999
2.8680005005744658,0.49999999999999994,0.4999999999999999
2.880579450138389,0.49999999999999994,0.4999999999999999
2.893158399702312,0.49999999999999994,0.4999999999999999
2.905737349266235,0.49999999999999994,0.4999999999999999
2.918316298830158,0.49999999999999983,0.5000000000000001
2.930895248394081,0.49999999999999983,0.5000000000000001
2.9434741979580044,0.49999999999999994,0.4999999999999999
2.9560531475219274,0.49999999999999994,0.4999999999999999
2.9686320970858504,0.49999999999999994,0.4999999999999999
2.9812110466497734,0.49999999999999994,0.4999999999999999
2.9937899962136965,0.49999999999999994,0.4999999999999999
3.0063689457776195,0.49999999999999983,0.5000000000000001
3.018947895341543,0.49999999999999994,0.4999999999999999
3.031526844905466,0.49999999999999994,0.4999999999999999
3.044105794469389,0.49999999999999994,0.4999999999999999
3.056684744033312,0.49999999999999994,0.4999999999999999
3.069263693597235,0.49999999999999983,0.5000000000000001
3.081842643161158,0.49999999999999983,0.5000000000000001
3.094421592725081,0.49999999999999983,0.5000000000000001
3.1070005422890046,0.49999999999999983,0.5000000000000001
3.1195794918529276,0.49999999999999994,0.4999999999999999
3.1321584414168506,0.49999999999999994,0.4999999999999999
3.1447373909807737,0.49999999999999994,0.4999999999999999
3.1573163405446967,0.49999999999999983,0.5000000000000001
3.1698952901086197,0.49999999999999994,0.4999999999999999
3.182474239672543,0.49999999999999994,0.4999999999999999
3.195053189236466,0.49999999999999983,0.5000000000000001
3.207632138800389,0.49999999999999994,0.4999999999999999
3.2202110883643122,0.49999999999999994,0.4999999999999999
3.2327900379282353,0.49999999999999994,0.4999999999999999
3.2453689874921583,0.49999999999999994,0.4999999999999999
3.2579479370560813,0.49999999999999994,0.4999999999999999
3.270526886620005,0.49999999999999994,0.4999999999999999
3.283105836183928,0.5,0.4999999999999999
3.295684785747851,0.49999999999999994,0.4999999999999999
3.308263735311774,0.49999999999999994,0.4999999999999999
3.320842684875697,0.49999999999999994,0.4999999999999999
3.33342163443962,0.5,0.4999999999999999
3.3460005840035434,0.49999999999999994,0.4999999999999999
3.3585795335674664,0.49999999999999983,0.5000000000000001
3.3711584831313894,0.49999999999999994,0.4999999999999999
3.3837374326953125,0.49999999999999994,0.4999999999999999
3.3963163822592355,0.49999999999999994,0.4999999999999999
3.4088953318231585,0.49999999999999994,0.4999999999999999
3.4214742813870815,0.49999999999999994,0.4999999999999999
3.434053230951005,0.49999999999999994,0.4999999999999999
3.446632180514928,0.49999999999999994,0.4999999999999999
3.459211130078851,0.49999999999999994,0.4999999999999999
3.471790079642774,0.49999999999999994,0.4999999999999999
3.484369029206697,0.5,0.4999999999999999
3.49694797877062,0.49999999999999994,0.4999999999999999
3.5095269283345436,0.49999999999999994,0.4999999999999999
3.5221058778984666,0.49999999999999994,0.4999999999999999
3.5346848274623897,0.49999999999999994,0.4999999999999999
3.5472637770263127,0.49999999999999994,0.4999999999999999
3.5598427265902357,0.49999999999999994,0.4999999999999999
3.5724216761541587,0.49999999999999994,0.4999999999999999
3.585000625718082,0.49999999999999983,0.5000000000000001
3.5975795752820052,0.49999999999999994,0.4999999999999999
3.6101585248459283,0.49999999999999994,0.4999999999999999
3.6227374744098513,0.49999999999999994,0.4999999999999999
3.6353164239737743,0.49999999999999994,0.4999999999999999
3.6478953735376973,0.49999999999999983,0.5000000000000001
3.6604743231016204,0.49999999999999983,0.5000000000000001
3.673053272665544,0.49999999999999994,0.4999999999999999
3.685632222229467,0.49999999999999994,0.4999999999999999
3.69821117179339,0.49999999999999983,0.5
3.710790121357313,0.49999999999999983,0.5000000000000001
3.723369070921236,0.49999999999999994,0.4999999999999999
3.735948020485159,0.49999999999999994,0.4999999999999999
3.7485269700490824,0.49999999999999983,0.5
3.7611059196130054,0.49999999999999994,0.4999999999999999
3.7736848691769285,0.49999999999999994,0.4999999999999999
3.7862638187408515,0.49999999999999994,0.4999999999999999
3.7988427683047745,0.49999999999999983,0.5000000000000001
3.8114217178686975,0.49999999999999994,0.4999999999999999
3.824000667432621,0.49999999999999994,0.4999999999999999
3.836579616996544,0.49999999999999994,0.4999999999999999
3.849158566560467,0.49999999999999994,0.4999999999999999
3.86173751612439,0.49999999999999994,0.4999999999999999
3.874316465688313,0.49999999999999994,0.4999999999999999
3.886895415252236,0.49999999999999983,0.5
3.899474364816159,0.49999999999999994,0.4999999999999999
3.9120533143800826,0.49999999999999994,0.4999999999999999
3.9246322639440057,0.49999999999999994,0.4999999999999999
3.9372112135079287,0.49999999999999994,0.4999999999999999
3.9497901630718517,0.49999999999999994,0.4999999999999999
3.9623691126357747,0.49999999999999994,0.4999999999999999
3.9749480621996978,0.49999999999999994,0.4999999999999999
3.9875270117636212,0.49999999999999994,0.4999999999999999
4.000105961327544,0.49999999999999994,0.4999999999999999
4.012684910891467,0.49999999999999994,0.4999999999999999
4.02526386045539,0.49999999999999994,0.4999999999999999
4.037842810019313,0.49999999999999994,0.4999999999999999
4.050421759583236,0.49999999999999994,0.4999999999999999
4.063000709147159,0.49999999999999994,0.4999999999999999
4.075579658711082,0.49999999999999994,0.4999999999999999
4.088158608275005,0.49999999999999983,0.5000000000000001
4.1007375578389285,0.49999999999999994,0.4999999999999999
4.113316507402852,0.49999999999999994,0.4999999999999999
4.125895456966775,0.49999999999999994,0.4999999999999999
4.138474406530698,0.49999999999999994,0.4999999999999999
4.1510533560946214,0.49999999999999983,0.5000000000000001
4.1636323056585445,0.49999999999999994,0.4999999999999999
4.1762112552224675,0.49999999999999994,0.4999999999999999
4.1887902047863905,0.49999999999999994,0.4999999999999999
4.2013691543503136,0.49999999999999983,0.5000000000000001
4.213948103914237,0.49999999999999994,0.4999999999999999
4.22652705347816,0.49999999999999983,0.5000000000000001
4.239106003042083,0.49999999999999983,0.5000000000000001
4.251684952606006,0.49999999999999983,0.5000000000000001
4.264263902169929,0.49999999999999994,0.4999999999999999
4.276842851733853,0.49999999999999994,0.4999999999999999
4.289421801297776,0.49999999999999994,0.4999999999999999
4.302000750861699,0.49999999999999994,0.4999999999999999
4.314579700425622,0.49999999999999994,0.4999999999999999
4.327158649989545,0.49999999999999994,0.4999999999999999
4.339737599553468,0.49999999999999983,0.5000000000000001
4.352316549117391,0.49999999999999983,0.5000000000000001
4.364895498681314,0.49999999999999994,0.4999999999999999
4.377474448245237,0.49999999999999994,0.4999999999999999
4.39005339780916,0.49999999999999983,0.5000000000000001
4.402632347373083,0.49999999999999994,0.4999999999999999
4.415211296937006,0.49999999999999994,0.4999999999999999
4.42779024650093,0.49999999999999983,0.5000000000000001
4.440369196064853,0.49999999999999994,0.4999999999999999
4.452948145628776,0.49999999999999983,0.5000000000000001
4.465527095192699,0.49999999999999994,0.4999999999999999
4.478106044756622,0.49999999999999994,0.4999999999999999
4.490684994320545,0.49999999999999994,0.4999999999999999
4.503263943884468,0.49999999999999983,0.5000000000000001
4.515842893448391,0.49999999999999994,0.4999999999999999
4.528421843012314,0.49999999999999994,0.4999999999999999
4.541000792576237,0.49999999999999994,0.4999999999999999
4.55357974214016,0.49999999999999994,0.4999999999999999
4.566158691704083,0.49999999999999994,0.4999999999999999
4.578737641268006,0.49999999999999994,0.4999999999999999
4.59131659083193,0.49999999999999994,0.4999999999999999
4.603895540395853,0.49999999999999983,0.5000000000000001
4.616474489959776,0.49999999999999994,0.4999999999999999
4.629053439523699,0.49999999999999983,0.5000000000000001
4.641632389087622,0.49999999999999994,0.4999999999999999
4.654211338651545,0.49999999999999994,0.4999999999999999
4.666790288215468,0.49999999999999983,0.5000000000000001
4.679369237779391,0.49999999999999983,0.5000000000000001
4.691948187343314,0.49999999999999983,0.5000000000000001
4.704527136907237,0.49999999999999983,0.5000000000000001
4.71710608647116,0.49999999999999983,0.5000000000000001
4.729685036035083,0.49999999999999994,0.4999999999999999
4.742263985599006,0.49999999999999994,0.4999999999999999
4.75484293516293,0.49999999999999994,0.4999999999999999
4.767421884726853,0.49999999999999983,0.5000000000000001
4.780000834290776,0.49999999999999983,0.5000000000000001
4.792579783854699,0.49999999999999994,0.4999999999999999
4.805158733418622,0.49999999999999994,0.4999999999999999
4.817737682982545,0.49999999999999994,0.4999999999999999
4.830316632546468,0.49999999999999983,0.5000000000000001
4.842895582110391,0.49999999999999994,0.4999999999999999
4.855474531674314,0.49999999999999994,0.4999999999999999
4.8680534812382374,0.49999999999999994,0.4999999999999999
4.8806324308021605,0.49999999999999994,0.4999999999999999
4.8932113803660835,0.49999999999999994,0.4999999999999999
4.9057903299300065,0.49999999999999994,0.4999999999999999
4.91836927949393,0.49999999999999994,0.4999999999999999
4.9309482290578535,0.49999999999999994,0.4999999999999999
4.9435271786217765,0.49999999999999994,0.4999999999999999
4.9561061281856995,0.49999999999999994,0.4999999999999999
4.9686850777496225,0.49999999999999994,0.4999999999999999
4.981264027313546,0.49999999999999983,0.5000000000000001
4.993842976877469,0.49999999999999994,0.4999999999999999
5.006421926441392,0.49999999999999994,0.4999999999999999
5.019000876005315,0.49999999999999994,0.4999999999999999
5.031579825569238,0.5,0.4999999999999999
5.044158775133161,0.49999999999999994,0.4999999999999999
5.056737724697084,0.49999999999999994,0.4999999999999999
5.069316674261007,0.49999999999999994,0.4999999999999999
5.081895623824931,0.49999999999999994,0.4999999999999999
5.094474573388854,0.49999999999999994,0.4999999999999999
5.107053522952777,0.49999999999999994,0.4999999999999999
5.1196324725167,0.5,0.4999999999999999
5.132211422080623,0.49999999999999994,0.4999999999999999
5.144790371644546,0.49999999999999994,0.4999999999999999
5.157369321208469,0.49999999999999994,0.4999999999999999
5.169948270772392,0.49999999999999994,0.4999999999999999
5.182527220336315,0.49999999999999994,0.4999999999999999
5.195106169900238,0.49999999999999983,0.5000000000000001
5.207685119464161,0.49999999999999994,0.4999999999999999
5.220264069028084,0.49999999999999994,0.4999999999999999
5.232843018592007,0.49999999999999994,0.4999999999999999
5.245421968155931,0.49999999999999994,0.4999999999999999
5.258000917719854,0.49999999999999994,0.4999999999999999
5.270579867283777,0.49999999999999994,0.4999999999999999
5.2831588168477,0.49999999999999994,0.4999999999999999
5.295737766411623,0.49999999999999994,0.4999999999999999
5.308316715975546,0.49999999999999983,0.5
5.320895665539469,0.49999999999999983,0.5000000000000001
5.333474615103392,0.49999999999999994,0.4999999999999999
5.346053564667315,0.49999999999999994,0.4999999999999999
5.358632514231238,0.49999999999999983,0.5000000000000001
5.371211463795161,0.49999999999999994,0.4999999999999999
5.383790413359084,0.49999999999999983,0.5000000000000001
5.396369362923008,0.49999999999999994,0.4999999999999999
5.408948312486931,0.49999999999999994,0.4999999999999999
5.421527262050854,0.49999999999999994,0.4999999999999999
5.434106211614777,0.49999999999999994,0.4999999999999999
5.4466851611787,0.49999999999999994,0.4999999999999999
5.459264110742623,0.49999999999999994,0.4999999999999999
5.471843060306546,0.49999999999999994,0.4999999999999999
5.484422009870469,0.49999999999999983,0.5
5.497000959434392,0.49999999999999994,0.4999999999999999
5.509579908998315,0.49999999999999994,0.4999999999999999
5.522158858562238,0.49999999999999994,0.4999999999999999
5.534737808126161,0.49999999999999983,0.5000000000000001
5.547316757690084,0.49999999999999983,0.5000000000000001
5.559895707254008,0.49999999999999994,0.4999999999999999
5.572474656817931,0.49999999999999994,0.4999999999999999
5.585053606381854,0.49999999999999994,0.4999999999999999
5.597632555945777,0.49999999999999994,0.4999999999999999
5.6102115055097,0.49999999999999994,0.4999999999999999
5.622790455073623,0.49999999999999994,0.4999999999999999
5.635369404637546,0.49999999999999994,0.4999999999999999
5.6479483542014695,0.49999999999999994,0.4999999999999999
5.6605273037653925,0.49999999999999994,0.4999999999999999
5.6731062533293155,0.49999999999999994,0.4999999999999999
5.6856852028932385,0.49999999999999994,0.4999999999999999
5.698264152457162,0.49999999999999994,0.4999999999999999
5.710843102021085,0.49999999999999983,0.5000000000000001
5.7234220515850085,0.49999999999999994,0.4999999999999999
5.7360010011489315,0.49999999999999994,0.4999999999999999
5.7485799507128545,0.49999999999999983,0.5000000000000001
5.761158900276778,0.49999999999999994,0.4999999999999999
5.773737849840701,0.49999999999999994,0.4999999999999999
5.786316799404624,0.49999999999999994,0.4999999999999999
5.798895748968547,0.49999999999999994,0.4999999999999999
5.81147469853247,0.49999999999999994,0.4999999999999999
5.824053648096393,0.49999999999999983,0.5000000000000001
5.836632597660316,0.49999999999999994,0.4999999999999999
5.849211547224239,0.49999999999999994,0.4999999999999999
5.861790496788162,0.49999999999999994,0.4999999999999999
5.874369446352085,0.49999999999999994,0.4999999999999999
5.886948395916009,0.49999999999999994,0.4999999999999999
5.899527345479932,0.49999999999999994,0.4999999999999999
5.912106295043855,0.49999999999999983,0.5000000000000001
5.924685244607778,0.49999999999999994,0.4999999999999999
5.937264194171701,0.49999999999999994,0.4999999999999999
5.949843143735624,0.49999999999999994,0.4999999999999999
5.962422093299547,0.49999999999999994,0.4999999999999999
5.97500104286347,0.49999999999999994,0.4999999999999999
5.987579992427393,0.49999999999999994,0.4999999999999999
6.000158941991316,0.49999999999999983,0.5000000000000001
6.012737891555239,0.49999999999999994,0.4999999999999999
6.025316841119162,0.5,0.4999999999999999
6.037895790683086,0.49999999999999983,0.5000000000000001
6.050474740247009,0.49999999999999994,0.4999999999999999
6.063053689810932,0.49999999999999983,0.5000000000000001
6.075632639374855,0.49999999999999983,0.5000000000000001
6.088211588938778,0.49999999999999994,0.4999999999999999
6.100790538502701,0.49999999999999983,0.5000000000000001
6.113369488066624,0.49999999999999994,0.4999999999999999
6.125948437630547,0.49999999999999994,0.4999999999999999
6.13852738719447,0.49999999999999994,0.4999999999999999
6.151106336758393,0.49999999999999994,0.4999999999999999
6.163685286322316,0.49999999999999994,0.4999999999999999
6.176264235886239,0.49999999999999983,0.5000000000000001
6.188843185450162,0.49999999999999994,0.4999999999999999
6.201422135014086,0.49999999999999994,0.4999999999999999
6.214001084578009,0.49999999999999994,0.4999999999999999
6.226580034141932,0.49999999999999994,0.4999999999999999
6.239158983705855,0.49999999999999994,0.4999999999999999
6.251737933269778,0.49999999999999994,0.4999999999999999
6.264316882833701,0.5,0.4999999999999999
6.276895832397624,0.49999999999999994,0.4999999999999999
6.289474781961547,0.49999999999999983,0.5000000000000001
6.30205373152547,0.49999999999999994,0.4999999999999999
6.314632681089393,0.49999999999999983,0.5000000000000001
6.327211630653316,0.49999999999999994,0.4999999999999999
6.339790580217239,0.49999999999999994,0.4999999999999999
6.352369529781162,0.49999999999999983,0.5000000000000001
6.364948479345086,0.49999999999999983,0.5000000000000001
6.377527428909009,0.49999999999999994,0.4999999999999999
6.390106378472932,0.49999999999999994,0.4999999999999999
6.402685328036855,0.49999999999999994,0.4999999999999999
6.415264277600778,0.49999999999999994,0.4999999999999999
6.4278432271647015,0.49999999999999994,0.4999999999999999
6.4404221767286245,0.49999999999999994,0.4999999999999999
6.4530011262925475,0.49999999999999994,0.4999999999999999
6.4655800758564705,0.49999999999999994,0.4999999999999999
6.478159025420394,0.5,0.4999999999999999
6.490737974984317,0.49999999999999994,0.4999999999999999
6.50331692454824,0.49999999999999994,0.4999999999999999
6.515895874112163,0.49999999999999994,0.4999999999999999
6.528474823676087,0.49999999999999983,0.5000000000000001
6.54105377324001,0.49999999999999994,0.4999999999999999
6.553632722803933,0.49999999999999983,0.5000000000000001
6.566211672367856,0.49999999999999994,0.4999999999999999
6.578790621931779,0.49999999999999994,0.4999999999999999
6.591369571495702,0.49999999999999994,0.4999999999999999
6.603948521059625,0.49999999999999983,0.5000000000000001
6.616527470623548,0.49999999999999994,0.4999999999999999
6.629106420187471,0.49999999999999994,0.4999999999999999
6.641685369751394,0.49999999999999994,0.4999999999999999
6.654264319315317,0.49999999999999994,0.4999999999999999
6.66684326887924,0.49999999999999994,0.4999999999999999
6.679422218443163,0.49999999999999994,0.4999999999999999
6.692001168007087,0.49999999999999994,0.4999999999999999
6.70458011757101,0.49999999999999994,0.4999999999999999
6.717159067134933,0.49999999999999994,0.4999999999999999
6.729738016698856,0.49999999999999994,0.4999999999999999
6.742316966262779,0.49999999999999994,0.4999999999999999
6.754895915826702,0.49999999999999994,0.4999999999999999
6.767474865390625,0.49999999999999994,0.4999999999999999
6.780053814954548,0.49999999999999994,0.4999999999999999
6.792632764518471,0.49999999999999994,0.4999999999999999
6.805211714082394,0.49999999999999994,0.4999999999999999
6.817790663646317,0.49999999999999994,0.4999999999999999
6.83036961321024,0.49999999999999994,0.4999999999999999
6.842948562774163,0.49999999999999994,0.4999999999999999
6.855527512338087,0.49999999999999994,0.4999999999999999
6.86810646190201,0.49999999999999994,0.4999999999999999
6.880685411465933,0.49999999999999994,0.4999999999999999
6.893264361029856,0.49999999999999994,0.4999999999999999
6.905843310593779,0.49999999999999994,0.4999999999999999
6.918422260157702,0.49999999999999994,0.4999999999999999
6.931001209721625,0.49999999999999983,0.5000000000000001
6.943580159285548,0.49999999999999994,0.4999999999999999
6.956159108849471,0.49999999999999983,0.5000000000000001
6.968738058413394,0.5,0.4999999999999999
6.981317007977317,0.49999999999999983,0.5000000000000001
6.99389595754124,0.49999999999999983,0.5000000000000001
7.006474907105164,0.49999999999999994,0.4999999999999999
7.019053856669087,0.49999999999999994,0.4999999999999999
7.03163280623301,0.49999999999999994,0.4999999999999999
7.044211755796933,0.49999999999999994,0.4999999999999999
7.056790705360856,0.49999999999999994,0.4999999999999999
7.069369654924779,0.49999999999999994,0.4999999999999999
7.081948604488702,0.49999999999999994,0.4999999999999999
7.094527554052625,0.49999999999999994,0.4999999999999999
7.107106503616548,0.49999999999999994,0.4999999999999999
7.119685453180471,0.49999999999999983,0.5
7.132264402744394,0.49999999999999994,0.4999999999999999
7.1448433523083175,0.49999999999999994,0.4999999999999999
7.1574223018722405,0.49999999999999994,0.4999999999999999
7.170001251436164,0.49999999999999994,0.4999999999999999
7.182580201000087,0.49999999999999994,0.4999999999999999
7.1951591505640105,0.5,0.4999999999999999
7.2077381001279335,0.49999999999999994,0.4999999999999999
7.2203170496918565,0.49999999999999994,0.4999999999999999
7.2328959992557795,0.49999999999999994,0.4999999999999999
7.2454749488197026,0.49999999999999994,0.4999999999999999
7.258053898383626,0.49999999999999983,0.5000000000000001
7.270632847947549,0.49999999999999994,0.4999999999999999
7.283211797511472,0.49999999999999994,0.4999999999999999
7.295790747075395,0.49999999999999994,0.4999999999999999
7.308369696639318,0.49999999999999994,0.4999999999999999
7.320948646203241,0.49999999999999983,0.5000000000000001
7.333527595767165,0.49999999999999994,0.4999999999999999
7.346106545331088,0.49999999999999983,0.5000000000000001
7.358685494895011,0.49999999999999994,0.4999999999999999
7.371264444458934,0.49999999999999994,0.4999999999999999
7.383843394022857,0.49999999999999994,0.4999999999999999
7.39642234358678,0.49999999999999994,0.4999999999999999
7.409001293150703,0.49999999999999994,0.4999999999999999
7.421580242714626,0.49999999999999983,0.5000000000000001
7.434159192278549,0.49999999999999994,0.4999999999999999
7.446738141842472,0.49999999999999994,0.4999999999999999
7.459317091406395,0.49999999999999994,0.4999999999999999
7.471896040970318,0.49999999999999994,0.4999999999999999
7.484474990534241,0.49999999999999994,0.4999999999999999
7.497053940098165,0.49999999999999994,0.4999999999999999
7.509632889662088,0.49999999999999994,0.4999999999999999
7.522211839226011,0.49999999999999994,0.4999999999999999
7.534790788789934,0.49999999999999994,0.4999999999999999
7.547369738353857,0.49999999999999983,0.5000000000000001
7.55994868791778,0.49999999999999994,0.4999999999999999
7.572527637481703,0.5,0.4999999999999999
7.585106587045626,0.49999999999999994,0.4999999999999999
7.597685536609549,0.49999999999999994,0.4999999999999999
7.610264486173472,0.49999999999999994,0.4999999999999999
7.622843435737395,0.49999999999999994,0.4999999999999999
7.635422385301318,0.49999999999999983,0.5000000000000001
7.648001334865242,0.49999999999999983,0.5000000000000001
7.660580284429165,0.49999999999999994,0.4999999999999999
7.673159233993088,0.49999999999999983,0.5000000000000001
7.685738183557011,0.49999999999999994,0.4999999999999999
7.698317133120934,0.49999999999999994,0.4999999999999999
7.710896082684857,0.49999999999999983,0.5000000000000001
7.72347503224878,0.49999999999999994,0.4999999999999999
7.736053981812703,0.49999999999999994,0.4999999999999999
7.748632931376626,0.49999999999999994,0.4999999999999999
7.761211880940549,0.49999999999999983,0.5000000000000001
7.773790830504472,0.49999999999999994,0.4999999999999999
7.786369780068395,0.49999999999999994,0.4999999999999999
7.798948729632318,0.49999999999999994,0.4999999999999999
7.811527679196242,0.49999999999999983,0.5000000000000001
7.824106628760165,0.49999999999999983,0.5000000000000001
7.836685578324088,0.49999999999999994,0.4999999999999999
7.849264527888011,0.49999999999999983,0.5000000000000001
7.861843477451934,0.49999999999999994,0.4999999999999999
7.874422427015857,0.49999999999999994,0.4999999999999999
7.88700137657978,0.49999999999999994,0.4999999999999999
7.899580326143703,0.49999999999999994,0.4999999999999999
7.9121592757076264,0.49999999999999994,0.4999999999999999
7.9247382252715495,0.49999999999999994,0.4999999999999999
7.9373171748354725,0.49999999999999983,0.5000000000000001
7.9498961243993955,0.49999999999999994,0.4999999999999999
7.9624750739633186,0.49999999999999994,0.4999999999999999
7.9750540235272425,0.49999999999999983,0.5000000000000001
7.9876329730911655,0.49999999999999994,0.4999999999999999
8.000211922655089,0.49999999999999994,0.4999999999999999
8.01279087221901,0.49999999999999994,0.4999999999999999
8.025369821782935,0.5,0.4999999999999999
8.037948771346857,0.49999999999999994,0.4999999999999999
8.05052772091078,0.49999999999999994,0.4999999999999999
8.063106670474705,0.49999999999999983,0.5000000000000001
8.075685620038627,0.49999999999999983,0.5000000000000001
8.08826456960255,0.49999999999999994,0.4999999999999999
8.100843519166473,0.49999999999999994,0.4999999999999999
8.113422468730397,0.49999999999999994,0.4999999999999999
8.126001418294319,0.49999999999999994,0.4999999999999999
8.138580367858243,0.49999999999999994,0.4999999999999999
8.151159317422165,0.5,0.4999999999999999
8.163738266986089,0.49999999999999983,0.5000000000000001
8.17631721655001,0.49999999999999994,0.4999999999999999
8.188896166113935,0.49999999999999994,0.4999999999999999
8.201475115677857,0.49999999999999994,0.4999999999999999
8.21405406524178,0.49999999999999994,0.4999999999999999
8.226633014805705,0.49999999999999994,0.4999999999999999
8.239211964369627,0.49999999999999994,0.4999999999999999
8.25179091393355,0.49999999999999994,0.4999999999999999
8.264369863497473,0.49999999999999994,0.4999999999999999
8.276948813061397,0.49999999999999994,0.4999999999999999
8.289527762625319,0.49999999999999994,0.4999999999999999
8.302106712189243,0.49999999999999994,0.4999999999999999
8.314685661753165,0.49999999999999994,0.4999999999999999
8.327264611317089,0.49999999999999994,0.4999999999999999
8.339843560881011,0.49999999999999994,0.4999999999999999
8.352422510444935,0.49999999999999994,0.4999999999999999
8.365001460008857,0.49999999999999994,0.4999999999999999
8.377580409572781,0.49999999999999994,0.4999999999999999
8.390159359136705,0.49999999999999994,0.4999999999999999
8.402738308700627,0.49999999999999994,0.4999999999999999
8.415317258264551,0.49999999999999994,0.4999999999999999
8.427896207828473,0.49999999999999994,0.4999999999999999
8.440475157392397,0.49999999999999994,0.4999999999999999
8.45305410695632,0.49999999999999983,0.5000000000000001
8.465633056520243,0.49999999999999994,0.4999999999999999
8.478212006084165,0.49999999999999994,0.4999999999999999
8.49079095564809,0.49999999999999994,0.4999999999999999
8.503369905212011,0.49999999999999994,0.4999999999999999
8.515948854775935,0.49999999999999994,0.4999999999999999
8.528527804339857,0.49999999999999994,0.4999999999999999
8.541106753903781,0.49999999999999983,0.5000000000000001
8.553685703467705,0.49999999999999994,0.4999999999999999
8.566264653031627,0.49999999999999994,0.4999999999999999
8.578843602595551,0.49999999999999994,0.4999999999999999
8.591422552159473,0.49999999999999994,0.4999999999999999
8.604001501723397,0.49999999999999994,0.4999999999999999
8.61658045128732,0.49999999999999994,0.4999999999999999
8.629159400851243,0.49999999999999994,0.4999999999999999
8.641738350415165,0.49999999999999994,0.4999999999999999
8.65431729997909,0.49999999999999994,0.4999999999999999
8.666896249543012,0.49999999999999983,0.5000000000000001
8.679475199106935,0.49999999999999994,0.4999999999999999
8.692054148670858,0.49999999999999994,0.4999999999999999
8.704633098234781,0.49999999999999994,0.4999999999999999
8.717212047798705,0.49999999999999983,0.5000000000000001
8.729790997362628,0.49999999999999994,0.4999999999999999
8.742369946926551,0.49999999999999994,0.4999999999999999
8.754948896490474,0.49999999999999994,0.4999999999999999
8.767527846054398,0.49999999999999994,0.4999999999999999
8.78010679561832,0.49999999999999994,0.4999999999999999
8.792685745182244,0.49999999999999983,0.5000000000000001
8.805264694746166,0.49999999999999994,0.4999999999999999
8.81784364431009,0.49999999999999983,0.5
8.830422593874012,0.49999999999999994,0.4999999999999999
8.843001543437936,0.49999999999999994,0.4999999999999999
8.85558049300186,0.49999999999999994,0.4999999999999999
8.868159442565782,0.49999999999999994,0.4999999999999999
8.880738392129706,0.49999999999999983,0.5
8.893317341693628,0.49999999999999994,0.4999999999999999
8.905896291257552,0.49999999999999994,0.4999999999999999
8.918475240821474,0.49999999999999994,0.4999999999999999
8.931054190385398,0.49999999999999994,0.4999999999999999
8.94363313994932,0.49999999999999994,0.4999999999999999
8.956212089513244,0.49999999999999994,0.4999999999999999
8.968791039077166,0.49999999999999994,0.4999999999999999
8.98136998864109,0.49999999999999994,0.4999999999999999
8.993948938205012,0.49999999999999994,0.4999999999999999
9.006527887768936,0.49999999999999994,0.4999999999999999
9.01910683733286,0.49999999999999994,0.4999999999999999
9.031685786896782,0.49999999999999994,0.4999999999999999
9.044264736460706,0.49999999999999994,0.4999999999999999
9.056843686024628,0.49999999999999983,0.5000000000000001
9.069422635588552,0.49999999999999994,0.4999999999999999
9.082001585152474,0.49999999999999994,0.4999999999999999
9.094580534716398,0.49999999999999994,0.4999999999999999
9.10715948428032,0.5,0.4999999999999999
9.119738433844244,0.49999999999999983,0.5000000000000001
9.132317383408166,0.49999999999999994,0.4999999999999999
9.14489633297209,0.49999999999999983,0.5000000000000001
9.157475282536012,0.49999999999999994,0.4999999999999999
9.170054232099936,0.49999999999999994,0.4999999999999999
9.18263318166386,0.49999999999999994,0.4999999999999999
9.195212131227782,0.49999999999999994,0.4999999999999999
9.207791080791706,0.49999999999999983,0.5000000000000001
9.220370030355628,0.49999999999999983,0.5000000000000001
9.232948979919552,0.49999999999999994,0.4999999999999999
9.245527929483474,0.49999999999999994,0.4999999999999999
9.258106879047398,0.49999999999999994,0.4999999999999999
9.27068582861132,0.49999999999999994,0.4999999999999999
9.283264778175244,0.49999999999999983,0.5000000000000001
9.295843727739166,0.49999999999999994,0.4999999999999999
9.30842267730309,0.49999999999999994,0.4999999999999999
9.321001626867012,0.49999999999999994,0.4999999999999999
9.333580576430936,0.49999999999999994,0.4999999999999999
9.34615952599486,0.49999999999999994,0.4999999999999999
9.358738475558782,0.49999999999999983,0.5000000000000001
9.371317425122706,0.49999999999999994,0.4999999999999999
9.383896374686628,0.49999999999999994,0.4999999999999999
9.396475324250552,0.49999999999999983,0.5000000000000001
9.409054273814474,0.49999999999999994,0.4999999999999999
9.421633223378398,0.49999999999999983,0.5000000000000001
9.43421217294232,0.49999999999999983,0.5000000000000001
9.446791122506244,0.49999999999999994,0.4999999999999999
9.459370072070167,0.49999999999999994,0.4999999999999999
9.47194902163409,0.49999999999999994,0.4999999999999999
9.484527971198013,0.49999999999999983,0.5000000000000001
9.497106920761937,0.49999999999999983,0.5000000000000001
9.50968587032586,0.49999999999999994,0.4999999999999999
9.522264819889783,0.49999999999999994,0.4999999999999999
9.534843769453706,0.49999999999999983,0.5000000000000001
9.547422719017629,0.49999999999999994,0.4999999999999999
9.560001668581553,0.49999999999999983,0.5000000000000001
9.572580618145475,0.5,0.4999999999999999
9.585159567709399,0.49999999999999994,0.4999999999999999
9.59773851727332,0.49999999999999994,0.4999999999999999
9.610317466837245,0.49999999999999983,0.5000000000000001
9.622896416401167,0.49999999999999994,0.4999999999999999
9.63547536596509,0.49999999999999994,0.4999999999999999
9.648054315529013,0.49999999999999994,0.4999999999999999
9.660633265092937,0.49999999999999994,0.4999999999999999
9.67321221465686,0.49999999999999994,0.4999999999999999
9.685791164220783,0.5,0.4999999999999999
9.698370113784707,0.49999999999999994,0.4999999999999999
9.710949063348629,0.49999999999999994,0.4999999999999999
9.723528012912553,0.49999999999999994,0.4999999999999999
9.736106962476475,0.49999999999999994,0.4999999999999999
9.748685912040399,0.49999999999999983,0.5000000000000001
9.761264861604321,0.49999999999999994,0.4999999999999999
9.773843811168245,0.49999999999999994,0.4999999999999999
9.786422760732167,0.49999999999999994,0.4999999999999999
9.799001710296091,0.49999999999999994,0.4999999999999999
9.811580659860013,0.49999999999999994,0.4999999999999999
9.824159609423937,0.49999999999999994,0.4999999999999999
9.83673855898786,0.49999999999999994,0.4999999999999999
9.849317508551783,0.49999999999999994,0.4999999999999999
9.861896458115707,0.49999999999999994,0.4999999999999999
9.874475407679629,0.49999999999999994,0.4999999999999999
9.887054357243553,0.49999999999999994,0.4999999999999999
9.899633306807475,0.49999999999999983,0.5000000000000001
9.912212256371399,0.49999999999999994,0.4999999999999999
9.924791205935321,0.49999999999999983,0.5000000000000001
9.937370155499245,0.49999999999999994,0.4999999999999999
9.949949105063167,0.49999999999999994,0.4999999999999999
9.962528054627091,0.49999999999999983,0.5000000000000001
9.975107004191013,0.49999999999999994,0.4999999999999999
9.987685953754937,0.49999999999999994,0.4999999999999999
10.000264903318861,0.49999999999999994,0.4999999999999999
10.012843852882783,0.49999999999999994,0.4999999999999999
10.025422802446707,0.49999999999999994,0.4999999999999999
10.03800175201063,0.49999999999999994,0.4999999999999999
10.050580701574553,0.49999999999999983,0.5000000000000001
10.063159651138475,0.49999999999999994,0.4999999999999999
10.0757386007024,0.49999999999999994,0.4999999999999999
10.088317550266321,0.49999999999999994,0.4999999999999999
10.100896499830245,0.49999999999999994,0.4999999999999999
10.113475449394167,0.49999999999999994,0.4999999999999999
10.126054398958091,0.49999999999999994,0.4999999999999999
10.138633348522013,0.49999999999999994,0.4999999999999999
10.151212298085937,0.49999999999999994,0.4999999999999999
10.163791247649861,0.49999999999999994,0.4999999999999999
10.176370197213783,0.49999999999999994,0.4999999999999999
10.188949146777707,0.49999999999999994,0.4999999999999999
10.20152809634163,0.49999999999999994,0.4999999999999999
10.214107045905553,0.49999999999999994,0.4999999999999999
10.226685995469476,0.49999999999999994,0.4999999999999999
10.2392649450334,0.49999999999999994,0.4999999999999999
10.251843894597322,0.49999999999999994,0.4999999999999999
10.264422844161246,0.49999999999999994,0.4999999999999999
10.277001793725168,0.49999999999999994,0.4999999999999999
10.289580743289092,0.49999999999999994,0.4999999999999999
10.302159692853014,0.49999999999999994,0.4999999999999999
10.314738642416938,0.49999999999999994,0.4999999999999999
10.327317591980862,0.49999999999999994,0.4999999999999999
10.339896541544784,0.49999999999999983,0.5000000000000001
10.352475491108708,0.49999999999999994,0.4999999999999999
10.36505444067263,0.49999999999999994,0.4999999999999999
10.377633390236554,0.49999999999999994,0.4999999999999999
10.390212339800476,0.49999999999999994,0.4999999999999999
10.4027912893644,0.49999999999999994,0.4999999999999999
10.415370238928322,0.49999999999999994,0.4999999999999999
10.427949188492246,0.49999999999999994,0.4999999999999999
10.440528138056168,0.49999999999999994,0.4999999999999999
10.453107087620092,0.49999999999999994,0.4999999999999999
10.465686037184014,0.49999999999999994,0.4999999999999999
10.478264986747938,0.49999999999999994,0.4999999999999999
10.490843936311862,0.49999999999999983,0.5000000000000001
10.503422885875784,0.49999999999999994,0.4999999999999999
10.516001835439708,0.49999999999999994,0.4999999999999999
10.52858078500363,0.49999999999999994,0.4999999999999999
10.541159734567554,0.49999999999999994,0.4999999999999999
10.553738684131476,0.49999999999999994,0.4999999999999999
10.5663176336954,0.49999999999999994,0.4999999999999999
10.578896583259322,0.49999999999999994,0.4999999999999999
10.591475532823246,0.49999999999999994,0.4999999999999999
10.604054482387168,0.49999999999999994,0.4999999999999999
10.616633431951092,0.49999999999999994,0.4999999999999999
10.629212381515016,0.5,0.4999999999999999
10.641791331078938,0.49999999999999994,0.4999999999999999
10.654370280642862,0.49999999999999994,0.4999999999999999
10.666949230206784,0.49999999999999994,0.4999999999999999
10.679528179770708,0.49999999999999994,0.4999999999999999
10.69210712933463,0.49999999999999994,0.4999999999999999
10.704686078898554,0.49999999999999994,0.4999999999999999
10.717265028462476,0.49999999999999994,0.4999999999999999
10.7298439780264,0.49999999999999994,0.4999999999999999
10.742422927590322,0.49999999999999994,0.4999999999999999
10.755001877154246,0.49999999999999994,0.4999999999999999
10.767580826718168,0.49999999999999994,0.4999999999999999
10.780159776282092,0.49999999999999983,0.5000000000000001
10.792738725846016,0.5,0.4999999999999999
10.805317675409938,0.49999999999999994,0.4999999999999999
10.817896624973862,0.49999999999999983,0.5000000000000001
10.830475574537784,0.49999999999999983,0.5000000000000001
10.843054524101708,0.49999999999999994,0.4999999999999999
10.85563347366563,0.49999999999999983,0.5000000000000001
10.868212423229554,0.49999999999999994,0.4999999999999999
10.880791372793476,0.49999999999999983,0.5000000000000001
10.8933703223574,0.49999999999999994,0.4999999999999999
10.905949271921322,0.49999999999999983,0.5000000000000001
10.918528221485246,0.49999999999999994,0.4999999999999999
10.931107171049169,0.49999999999999994,0.4999999999999999
10.943686120613092,0.49999999999999994,0.4999999999999999
10.956265070177016,0.49999999999999994,0.4999999999999999
10.968844019740938,0.49999999999999994,0.4999999999999999
10.981422969304862,0.49999999999999994,0.4999999999999999
10.994001918868785,0.49999999999999994,0.4999999999999999
11.006580868432708,0.49999999999999994,0.4999999999999999
11.01915981799663,0.49999999999999983,0.5000000000000001
11.031738767560554,0.49999999999999994,0.4999999999999999
11.044317717124477,0.49999999999999994,0.4999999999999999
11.0568966666884,0.49999999999999994,0.4999999999999999
11.069475616252323,0.49999999999999983,0.5000000000000001
11.082054565816247,0.49999999999999983,0.5000000000000001
11.094633515380169,0.49999999999999994,0.4999999999999999
11.107212464944093,0.49999999999999994,0.4999999999999999
11.119791414508017,0.49999999999999994,0.4999999999999999
11.132370364071939,0.49999999999999994,0.4999999999999999
11.144949313635863,0.49999999999999994,0.4999999999999999
11.157528263199785,0.49999999999999983,0.5000000000000001
11.170107212763709,0.49999999999999983,0.5000000000000001
11.18268616232763,0.49999999999999994,0.4999999999999999
11.195265111891555,0.49999999999999994,0.4999999999999999
11.207844061455477,0.49999999999999994,0.4999999999999999
11.2204230110194,0.49999999999999994,0.4999999999999999
11.233001960583323,0.5,0.4999999999999999
11.245580910147247,0.49999999999999994,0.4999999999999999
11.258159859711169,0.49999999999999994,0.4999999999999999
11.270738809275093,0.49999999999999994,0.4999999999999999
11.283317758839017,0.49999999999999994,0.4999999999999999
11.295896708402939,0.49999999999999983,0.5000000000000001
11.308475657966863,0.49999999999999983,0.5000000000000001
11.321054607530785,0.49999999999999994,0.4999999999999999
11.333633557094709,0.49999999999999994,0.4999999999999999
11.346212506658631,0.49999999999999994,0.4999999999999999
11.358791456222555,0.49999999999999994,0.4999999999999999
11.371370405786477,0.49999999999999994,0.4999999999999999
11.383949355350401,0.49999999999999994,0.4999999999999999
11.396528304914323,0.49999999999999994,0.4999999999999999
11.409107254478247,0.49999999999999994,0.4999999999999999
11.42168620404217,0.49999999999999994,0.4999999999999999
11.434265153606093,0.49999999999999983,0.5000000000000001
11.446844103170017,0.49999999999999994,0.4999999999999999
11.45942305273394,0.49999999999999994,0.4999999999999999
11.472002002297863,0.49999999999999994,0.4999999999999999
11.484580951861785,0.49999999999999994,0.4999999999999999
11.497159901425709,0.49999999999999994,0.4999999999999999
11.509738850989631,0.49999999999999994,0.4999999999999999
11.522317800553555,0.49999999999999994,0.4999999999999999
11.534896750117477,0.49999999999999994,0.4999999999999999
11.547475699681401,0.49999999999999994,0.4999999999999999
11.560054649245323,0.49999999999999994,0.4999999999999999
11.572633598809247,0.49999999999999983,0.5000000000000001
11.58521254837317,0.49999999999999994,0.4999999999999999
11.597791497937093,0.49999999999999994,0.4999999999999999
11.610370447501017,0.49999999999999994,0.4999999999999999
11.62294939706494,0.49999999999999994,0.4999999999999999
11.635528346628863,0.49999999999999994,0.4999999999999999
11.648107296192785,0.49999999999999994,0.4999999999999999
11.66068624575671,0.49999999999999994,0.4999999999999999
11.673265195320631,0.49999999999999994,0.4999999999999999
11.685844144884555,0.49999999999999994,0.4999999999999999
11.698423094448477,0.49999999999999994,0.4999999999999999
11.711002044012401,0.49999999999999994,0.4999999999999999
11.723580993576324,0.49999999999999994,0.4999999999999999
11.736159943140247,0.49999999999999994,0.4999999999999999
11.74873889270417,0.49999999999999994,0.4999999999999999
11.761317842268094,0.49999999999999994,0.4999999999999999
11.773896791832017,0.49999999999999994,0.4999999999999999
11.78647574139594,0.49999999999999994,0.4999999999999999
11.799054690959863,0.49999999999999994,0.4999999999999999
11.811633640523786,0.49999999999999994,0.4999999999999999
11.82421259008771,0.49999999999999994,0.4999999999999999
11.836791539651632,0.49999999999999994,0.4999999999999999
11.849370489215556,0.49999999999999983,0.5000000000000001
11.861949438779478,0.49999999999999994,0.4999999999999999
11.874528388343402,0.49999999999999994,0.4999999999999999
11.887107337907324,0.49999999999999994,0.4999999999999999
11.899686287471248,0.49999999999999994,0.4999999999999999
11.91226523703517,0.49999999999999994,0.4999999999999999
11.924844186599094,0.49999999999999994,0.4999999999999999
11.937423136163018,0.49999999999999994,0.4999999999999999
11.95000208572694,0.49999999999999994,0.4999999999999999
11.962581035290864,0.49999999999999994,0.4999999999999999
11.975159984854786,0.49999999999999994,0.4999999999999999
11.98773893441871,0.49999999999999983,0.5000000000000001
12.000317883982632,0.49999999999999994,0.4999999999999999
12.012896833546556,0.49999999999999994,0.4999999999999999
12.025475783110478,0.49999999999999994,0.4999999999999999
12.038054732674402,0.49999999999999994,0.4999999999999999
12.050633682238324,0.49999999999999994,0.4999999999999999
12.063212631802248,0.49999999999999994,0.4999999999999999
12.075791581366172,0.49999999999999994,0.4999999999999999
12.088370530930094,0.49999999999999983,0.5000000000000001
12.100949480494018,0.49999999999999994,0.4999999999999999
12.11352843005794,0.49999999999999994,0.4999999999999999
12.126107379621864,0.49999999999999994,0.4999999999999999
12.138686329185786,0.49999999999999994,0.4999999999999999
12.15126527874971,0.49999999999999994,0.4999999999999999
12.163844228313632,0.5,0.4999999999999999
12.176423177877556,0.49999999999999994,0.4999999999999999
12.189002127441478,0.49999999999999994,0.4999999999999999
12.201581077005402,0.49999999999999994,0.4999999999999999
12.214160026569324,0.49999999999999994,0.4999999999999999
12.226738976133248,0.49999999999999994,0.4999999999999999
12.239317925697172,0.49999999999999994,0.4999999999999999
12.251896875261094,0.49999999999999983,0.5000000000000001
12.264475824825018,0.49999999999999994,0.4999999999999999
12.27705477438894,0.49999999999999994,0.4999999999999999
12.289633723952864,0.49999999999999994,0.4999999999999999
12.302212673516786,0.49999999999999994,0.4999999999999999
12.31479162308071,0.49999999999999994,0.4999999999999999
12.327370572644632,0.49999999999999994,0.4999999999999999
12.339949522208556,0.49999999999999994,0.4999999999999999
12.352528471772478,0.49999999999999994,0.4999999999999999
12.365107421336402,0.5,0.4999999999999999
12.377686370900324,0.49999999999999994,0.4999999999999999
12.390265320464248,0.49999999999999994,0.4999999999999999
12.402844270028172,0.49999999999999994,0.4999999999999999
12.415423219592094,0.49999999999999994,0.4999999999999999
12.428002169156018,0.49999999999999994,0.4999999999999999
12.44058111871994,0.49999999999999994,0.4999999999999999
12.453160068283864,0.5,0.4999999999999999
12.465739017847786,0.49999999999999994,0.4999999999999999
12.47831796741171,0.49999999999999983,0.5000000000000001
12.490896916975633,0.49999999999999983,0.5000000000000001
12.503475866539556,0.49999999999999994,0.4999999999999999
12.516054816103479,0.49999999999999994,0.4999999999999999
12.528633765667402,0.49999999999999994,0.4999999999999999
12.541212715231325,0.49999999999999994,0.4999999999999999
12.553791664795249,0.49999999999999994,0.4999999999999999
12.566370614359172,0.49999999999999994,0.4999999999999999
