claim_id,statement,category,status,reviewer
C01,空间中每一点作光速螺旋运动 R(θ)=(ρcosθ、ρsinθ、bθ) 且 ω√(ρ²+b²)=c,几何定义,pass,算法联盟
C02,曲率 κ=ρ/(ρ²+b²) 挠率 τ=b/(ρ²+b²) 总尺度 ℓ=1/√(κ²+τ²),几何推导,pass,算法联盟
C03,精细结构常数 α=τ/κ=tanθ,几何参数化,pass,算法联盟
C04,N=137 可由拓扑绕数/Dirac谱流/量子相位闭合第一性推出,拓扑本源,open,算法联盟
C05,α=sin(1/(137+Δ_top)) 且 Δ_top=(1/4π²)(χ/(2-2g)),拓扑公式,open,算法联盟
C06,四力强度因子为 1/α²、1/α、1、α 且归一化和=1,归一化约定,boundary,算法联盟
C07,引力在几何归一化中占 99.27% 为最强力,归一化计算,pass,算法联盟
C08,阴阳：阴=cos²θ 阳=sin²θ 且 cos²θ+sin²θ=1,恒等+诠释,pass,算法联盟
C09,质量 m=ℏ/(cρ_C) 由 mcρ_C=ℏ 相位闭合给出,量子闭合,boundary,算法联盟
C10,能量 E=mc²=ℏω=ℏc/ℓ 动量 p=ℏ/ℓ,几何+量子,pass,算法联盟
C11,电荷 e²=4πε₀ℏc·α 且 ε₀μ₀=1/c²,单位制恒等式,pass,算法联盟
C12,G=α²μ₀c²ρ² 给出 G 的几何化,常数重排,falsified,算法联盟
C13,G=c³/[ℏ(κ_G²+τ_G²)] 待拓扑确定,几何表达式,open,算法联盟
C14,频率 ω=c(κ²+τ²)/κ 频率越低引力效应越大,几何推导,boundary,算法联盟
C15,第五力 F₅=(ℏ/2)dω/dt 对应暗能量,唯象构造,open,算法联盟
C16,高阶力 F_n=αⁿ/N 命名暗能量/暗物质/量子涨落,数学项命名,open,算法联盟
C17,道法术器用五层元框架组织 1-7 体系,组织框架,pass,算法联盟
C18,引力归一化最强但表观最弱 悖论由 归一化强度×耦合因子 统一,物理重述,pass,算法联盟
C19,N=1/[α²(1-α)]≈18916.9 为宇宙归一化因子,数值定义,boundary,算法联盟
C20,18917 是第 2153 个素数且 2153 也是素数,数学事实,pass,算法联盟
C21,归一化因子 N 两定义（A≈18916.9 与 B≈18907）并存,内部冲突,falsified,算法联盟
C22,ρ（螺旋半径）可由纯几何或量子第一性预测,第一性锚点,open,算法联盟
C23,拓扑绕数推导 tanθ=√N 与主体 α=tanθ=1/137 数值一致,一致性检查,falsified,算法联盟
C24,【冲突】修复版公理1 的基底 R(t)=(Acosωt·Asinωt·ct) 与本体「光速螺旋运动」不相容：该式切向速率 sqrt(A²ω²+c²) 恒大于 c；为使 §2 的 α 公式命中观测需 ωA=c/2.0068118 ⇒ |v|=1.117276 c（超光速 11.7276%）,第一性审计,pass,算法联盟审计组
C25,【冲突】α 新公式 α=(1/(2√N))(c/(ωA)) 是两个未知量对一个方程：读数B 下唯一约束为 N≥4694.7163且读数A 下连该约束亦无；实测 N 取 4695 至 1e9 四个量级全部精确命中 α ⇒ 对 N 无选择力且不可证伪；判别式 V=(1−2−1)/1=−2 ≤ 0 判为伪派生,第一性审计,open,算法联盟审计组
C26,【冲突】修复版未消除 tanθ 矛盾而是把它扩为四方：要求 tanθ 同时等于 α=0.00729735（原主体 C03）· √N=137.503（原拓扑绕数 C23）· 2√Nα=2.00681 或 √((2√Nα)²−1)=1.73991（修复版两读数）；实现方式是新公式不再使用 α=τ/κ ⇒ 冲突的一侧被删除而非被调和,第一性审计,falsified,算法联盟审计组
C27,【冲突】N=floor(2π/Δθ_min) 只能产出整数 ⇒ 原定义 A 的 1/[α²(1−α)]=18916.90839 不可能由新定义导出；「彻底消除双值冲突」实为抛弃其中一个值,第一性审计,falsified,算法联盟审计组
C28,【欠定】Δθ_min 无第一性来源：要复现 N=18907 需 Δθ_min=0.0003323205853 rad 且文中未给出任何推导或约束方程 ⇒ 自由度由 N 平移为 Δθ_min 总数不降,第一性审计,boundary,算法联盟审计组
C29,【冲突】G=c⁴α²/(8πK₀) 量纲失败：反解要求 [K₀]=[c⁴]/[G]=L·M·T⁻²（牛顿·力）而非曲率 L⁻¹；反解值 K₀=2.5642944e+38 N 无任何已知物理量在该量级独立存在,第一性审计,falsified,算法联盟审计组
C30,【循环】G 式与被判 falsified 的 C12 同构：原式 ρ=sqrt(G/(α²μ₀c²)) 由 G 反推；新式 K₀=α²c⁴/(8πG) 同样由 G 反推 ⇒ 循环依赖只是把 ρ 换壳为 K₀ 故 C12 的 falsified 标记不可撤销,第一性审计,falsified,算法联盟审计组
C31,【不可行】「K₀ 可由 N 与 α 直接推导」违反 Buckingham Π 定理：N 与 α 均无量纲 ⇒ 任何无量纲量的函数仍无量纲 不可能产出有量纲的 K₀ 更不可能产出 G,第一性审计,falsified,算法联盟审计组
C32,【冲突】ρ=(1/V)∮S·dl 要求 [S]=M·L⁻¹（质量每长度）而这不是任何标准通量的量纲；且通量的自然积分域是面积 dA 而非线元 dl；另修复后 10 个子系统中无任何方程消费 ρ ⇒ 该量为孤儿量,第一性审计,pass,算法联盟审计组
C33,【冲突】∇×B=(1/c²)∂E/∂t+α²K(R) 的第二项量纲失败：[α²K]=[L^-1] 而方程其余各项为 [L^-1 M^1 T^-2 I^-1] ⇒ 差因子 [M^1 T^-2 I^-1] 非无量纲；若改令 K 具 [∇×B] 量纲则 K 不再是曲率,第一性审计,falsified,算法联盟审计组
C34,【冲突】该式缺传导电流项 μ₀J：稳恒情形要求 α²∫K·dA=μ₀I_enclosed 对一切电流分布成立 ⇒ K 被规定为电流的泛函 与「K 为时空曲率」冲突；取散度还迫使 ∇·J=(α²/μ₀)∇·K 这一未被声明的约束,第一性审计,pass,算法联盟审计组
C35,【冲突】F_grav=−Gm₁m₂/r²·∇Φ/Φ₀ 为二分：设 Φ∝r^n 则 ∇Φ/Φ₀∝r^(n−1) 力律为 r^(n−3) 恢复牛顿 r^−2 唯一要求 n=1 此时因子退化为常数可吸收进 G（零内容）；n≠1 则不再是 1/r² 与行星闭合轨道冲突（Bertrand 定理）,第一性审计,open,算法联盟审计组
C36,【冲突】同一式中 ∇Φ/Φ₀ 需无量纲 ⇒ [Φ₀] 必须等于 [∇Φ]=[Φ]/L 而非 [Φ]；记号 Φ₀ 作为 Φ 的取值与这一要求冲突 除非另行声明 Φ 为无量纲相位,第一性审计,falsified,算法联盟审计组
C37,【面板】申报 H6/O6/C3/U2 合计 17 与其自列 10 个子系统不符；且较基线 C 由 1→3·U 由 0→2 均为上升 却宣称「全部原 falsified 缺陷清零」；全文未登记任何无量纲靶的预测值与误差棒 ⇒ UFT-3 计数仍为 0,第一性审计,falsified,算法联盟审计组
C38,【本轮补全】三项审计算法已在审计引擎 §9.5 实现：矛盾自检(algo_contradiction_selfcheck·ortho/unit/eq/sign 四类声明有限步校验·已捕获 V21 §0 副法向量叉乘错误)/拓扑归一(algo_topo_normalize·Buckingham Π 降维)/层级升维(algo_hierarchy_uplift·R1禁跳级/R2 identity封顶L1/R3 升L3需构造+可检验预言)；均含输入输出格式·终止性·复杂度·拒绝准则·算例。提交理论自身仍缺公开规格故维持 BOUNDARY 而非 PASS,第一性审计,BOUNDARY,算法联盟审计组
C39,【修复·通过】把第三分量由 c·t 改为 b·ω·t 并显式重列 ω√(A²+b²)=c 后：|R'|=c 精确成立（b/A 取 1·0.5·1/137·2 四组参数最大偏差 1.33638e-51）κ=A/(A²+b²)·τ=b/(A²+b²) 不变 ⇒ 申报版 11.73% 超光速读数被消除,闭环修复,pass,算法联盟审计组
C40,【修复·保留】修正基底恢复自洽性但不固定 α：四组参数全部满足 |R'|=c 却给出 b/A=1·0.5·0.0073·2 四个不同值 ⇒ 几何不提供 α 的选择规则（openuft 定理 H 的实算版）,闭环修复,open,算法联盟审计组
C41,【修复·通过】Maxwell 式补全 μ₀J 后三项量纲一致（[∇×B]=[μ₀J]=[(1/c²)∂E/∂t]）且稳恒直导线安培环路定理数值复现（I=1 A·r=1 m：∮B·dl=1.256637061e-6 vs μ₀I=1.256637061e-6）⇒ 原式缺电流项导致的「K 成为电流泛函」困境消除,闭环修复,pass,算法联盟审计组
C42,【修复·零内容】引力修正因子 F=−Gm₁m₂/r²·∇Φ/Φ₀ 在 Φ 取线性无量纲形式且 Φ₀:=|∇Φ| 时恒等于 1 ⇒ 精确退化为牛顿律；任何非线性 Φ 使力律变为 r^(n−3)（n=2 时 F(2r)/F(r)=0.5 而牛顿为 0.25）被闭合轨道排除 ⇒ 该因子不携带新内容且 Φ₀ 与 Φ 量纲不同类,闭环修复,boundary,算法联盟审计组
C43,【继承·未清零】修复版申报列明的 5 项修复目标与原体系复算登记的 X8–X15 完全不相交；X8·X11·X13·X14·X15 五项 FAIL（G=α²μ₀c²ρ² 量纲·第五力量纲为功率·四力归一化不等于 1·A 量纲·F_Gmax 量纲）及其 BOUNDARY 项 X9·X10·X12 均未被触及 ⇒ 「原 falsified 缺陷清零」在继承层面亦不成立,第一性审计,falsified,算法联盟审计组
C44,【修复·建议】删除「质量密度 ρ」：修复版把 ρ 移出 G 式后 10 个子系统中无任何方程消费它；唯一仍出现 ρ 的是螺旋几何半径（与质量密度同名异物 相差 8626.7 倍 见 X9）建议改名 ρ_geo ⇒ 删除是严格改进而非损失,闭环修复,pass,算法联盟审计组
C45,【残差】即便采用全部最小修复（修正基底+补 μ₀J+Φ 线性+删除 ρ）体系仍为 3 未知/1 约束·α 自由·无量纲靶登记 0 条·L3=0 ⇒ 修复只恢复自洽性 不产生第一性内容；「导出 G」的正确写法是登记 m_e/m_P 的预测值与误差棒（靶场 urel=1.1e-5） 当前 α_grav(e)=1.7518094e-45,第一性审计,open,算法联盟审计组
C46,【复算·INFO】C25 α 公式 α=(1/(2√N))(c/(ωA)) 经 §9.6 数值复核确认欠定：N=4695/18907/1e9 三量级均可反解合法 ωA 命中 α ⇒ 伪派生；唯一转机『由拓扑本征值推出 N=137』在提交理论中未闭合,第一性审计,info,算法联盟审计组
C47,【复算·INFO】C35 轨道进动经 §9.6 RK4 积分确认：线性 Φ 退化为牛顿律（进动 0″ 与水星 43″/世纪冲突）；GR 1PN 项给出 43″/世纪（匹配）但需导入 GM/c² 形状参数 ⇒ 拟合非导出；突破条件已列出,第一性审计,info,算法联盟审计组
C48,【V21续修·谱】LB本征能级 n=1..6 扫描（mpmath 250位）：α_n 与标定值 α_1 相对差 ≤ 1.09e-75（ℏ²/N²≈3.11e-77 主导）⇒ 谱在约 76 位有效数字内退化 无独立可检验靶；草稿误差棒公式误算 ω 抵消项 正确传播误差 ~1e-87 量级 故「误差棒完备/可证伪」不成立 → open（退化谱）,第一性审计,open,算法联盟审计组
C49,【V21续修·进动】固定 β（水星标定 43.03 角秒/百年）预测金星/地球近日点进动：GR 项复现 8.62/3.84 角秒/百年；草稿几何修正项与自身 Binet 方程一阶结果不符（正确 2πβ/(a²(1−e²)²) 草稿含 3GM/(2c²a)≈3.83e-8 因子）同标定下金星/地球预测差约 1.9×/2.6×；修正量仅 ~1e-3 角秒/百年 低于当前天体测量精度 → open（框架就绪·公式需修正）,第一性审计,open,算法联盟审计组
C50,【V22收官·谱】C25 高阶本征能级 n 域扩展扫描（n=1..12 + 10^k）：α_n = α_obs·f_n/f_1（f_n=V0+n²ℏ²/N²）⇒ ω、c 严格约去（代数恒等；草稿 σα 含 dω 属双重计账）；n=6 谱宽 1.089e-75 低于 α 测量精度 1.5e-10 达 65.14 个量级；谱宽达 α 精度需 n_detect=2.196e33（二阶项=V0 需 n_unit=1.793e38）⇒ 无物理可达检验靶 → open（退化谱·阈值不可达）,第一性审计,open,算法联盟审计组
C51,【V22收官·进动】C35 多行星结构审计：β0=3h²/c² 使草稿 Binet 方程与 GR 1PN 方程恒等（u² 系数 3GM/c² 精确相等）⇒ β=β0 分支「几何修正」即 GR 本身；β-free 形状比 R_p/R_水星 在两框架下为 0.51256/0.37082（正确 Binet a²式）与 0.27429/0.14355（草稿 a³式）互差 1.87×/2.58×；R ∝ 1/(a(1−e²)) 对 a 单调且水星最大 ⇒ 标定靶=最佳靶 独立判别力为零；金星/地球修正 4.93e-3/1.59e-3 角秒每百年低于历表约束 → open（框架就绪·无独立判别力）,第一性审计,open,算法联盟审计组
C52,【V22收官·批量】全量 claims 批量审计引擎：按「类别→证据型→层级」规则对 claims.csv 全部主张逐条判定（公理/恒等层 基线 L1、约定层 基线 L0、construction 基线 L2、falsified 封顶 L0、open/boundary 封顶 L1、升 L3 需 constructive+testable_prediction 带误差棒）；结果 L3 条目=0、无量纲靶登记=0 ⇒ 申报「L3 完整第一性推导闭环」在台账层面不成立（UFT-3=0）→ BOUNDARY,第一性审计,BOUNDARY,算法联盟审计组
C53,【V21续修②·引力泡】GravBubble 模块（高斯螺旋包 κ=κ0e^(−r²/2σ²)、τ=τ0e^(−r²/2σ²)；ρ=(1/16πG)(κ²+αgτ²)）250 位审计：①能量密度量纲非法——三种 κ 口径（本体 [L^-1]、模块自述 m^-2、归一化约化 [1]）代入 ρ 分别得 [L^-5MT²]、[L^-7MT²]、[L^-3MT²] 均非 [L^-1MT^-2] 齐次性要求 κ 具加速度量纲 [LT^-2] 与「曲率」语义冲突；②高斯积分严格值 π^(3/2)σ³ 被漏乘（E 少 π^(3/2)=5.5683 倍且草稿中间式 (2π)^(3/2) 与最终式互斥 E_草稿/E_该口径=0.0635）；③自旋进动 δφ=Sτ0σ/v 量纲 [LM] 非无量纲（无量纲式 (S/ħ)τ0σ=5.0e-14 rad 而草稿值 1.76e-55 rad）；④唯一最小量纲修复（×c⁴）给出 E=1.14e16 J≈2.72 Mt TNT≈3.1e7 倍 LHC 单束能量 ⇒ 与「地面实验室可实现靶」自相矛盾（草稿的 1.6 eV「实验室量级」是漏 c⁴ 与漏 π^(3/2) 两错相消的产物）；⑤无作用量无场方程 ⇒ 高斯包络是 ansatz 非孤子解；「曲率-挠率边界匹配条件」无形匹配面为空陈述；⑥自由参数 σ、κ0、τ0、αg 四个而约束方程 0 条 ⇒ 判别式 V≤0 伪派生 ⇒ 模块「孤子解框架+实验室可观测量预言就绪」宣称不成立 → falsified（公式层；体系级「挠率场能否局域激发」仍 open）,第一性审计,falsified,算法联盟审计组
C54,【V21续修②·TUFT-RG】RG 流模块（β_gk=b1gk²+b2gkt²、β_gt=b3gt²+b4gkt²、β_gkt=b5gk·gkt+b6gt·gkt；b1..b6=0.021/−0.012/0.018/−0.009/0.015/−0.007）250 位审计：①b 系数六自由且无作用量/Feynman 推导 ⇒ 结论由未导出输入决定 ⇒ 不构成对理论的检验；②精确定理——非平凡紫外固定点存在当且仅当 b5²(−b2/b1)=b6²(−b4/b3)（需 b2<0、b4<0）给定系数下 LHS/RHS=5.2478 不成立 sympy 精确解集仅原点 ⇒ 无紫外固定点 ⇒ 渐近安全在给定系数下不成立；③草稿固定点搜索代码（mp.findroot(fp_eq、[0.05、0.05、0.02])）原样运行抛 TypeError ⇒ 崩溃掩盖「不存在固定点」；④能标口径混用：μ_IR=1 eV 而 μ_UV=M_pl c²/ħ=1.8549e43 s^-1（实为角频率非 eV 正确 Planck 能量 1.2209e28 eV）⇒ 积分跨度 ln=99.629 vs 64.672 虚增 34.957（+54.1%）故全部跑动曲线定量错误；⑤修正口径下耦合单调增长（Planck 处 gk≈0.1408）Landau 极点 s*=1/(b1gk0)=396.83 ⇒ μ≈1e172.34 eV 且该陈述依赖任意 IR 输入 g0 ⇒ 既非渐近自由亦非渐近安全且判据不可证伪；⑥「低能耦合匹配 α_g、β、C、A_topo、α_BH」无映射方程 ⇒ 不可计算 ⇒ 模块「紫外完备性检验就绪」宣称不成立 → falsified（模块层；体系级「TUFT 是否有紫外固定点」仍 open——前置条件是先由有效作用量导出 b1..b6）,第一性审计,falsified,算法联盟审计组
C55,【V21续修③·双圈RG】TUFT-RG 双圈 β 扩展（β_gk=b1gk²+b2gkt²+d1gk³+d2gk·gkt²；β_gt 对称；β_gkt=b5gk·gkt+b6gt·gkt+d5gk²gkt+d6gt²gkt+d7gkt³；d1..d7=−0.0041/0.0022/−0.0033/0.0016/−0.0024/−0.0018/0.0009）250 位审计：①能标口径错误原样复发（μ_UV=M_pl c²/ħ=1.8549e43 s^-1 非 eV 正确值 1.2209e28 eV 跨度虚增 34.957）；②固定点搜索代码仍不可运行（mpmath 1.3.0 下 list/tuple/matrix 三种 x0 × default/mnewton 全抛错 手工 Newton 自草稿种子收敛到原点）；③sympy 精确解集 4 组且非平凡解全部 gkt*=0（gk*=210/41、gt*=60/11）⇒ 草稿预测靶「三分量固定点」不存在；④【截断伪影定理】gk*=−b1/d1 与 gt*=−b3/d3 恰使二阶项/一阶项比 = −1（精确）⇒ 固定点位于微扰展开最不可靠处 且位置 100% 由手选 d1/d3 决定；⑤物理不可达——到达 gk* 需 ln μ=572.06 而 Planck 跨度 64.67（μ 须超 Planck 2.26e220 倍）；⑥Planck 内双圈仅改耦合 0.12%~0.44%（β 项比 −1.6%~−3.9%）⇒ 「大幅降低截断误差」既无误差预算也无内容；⑦自由系数 6→13 且仍无作用量（固定点方程数 3 = 未知数 3 ⇒ 有解属自由度配平）；三阶单项式仅含 2/10（无完整性判据） ⇒ 模块「双圈降低紫外固定点截断误差」宣称不成立 → falsified（模块层）；体系级「TUFT 是否有紫外固定点」仍 open （前置条件仍是由有效作用量导出全部 β 系数）,第一性审计,falsified,算法联盟审计组
C56,【V21续修③·泡动力学】引力泡时间演化 ODE（dσ/dt=v、dv/dt=(∂ρgrav/∂σ−γv)/ρeff、dκ0/dt=ω_bub·τ0−γ_κκ0、dτ0/dt=−ω_bub·κ0−γ_ττ0；σ0=0.1 m、κ0=1e-16、τ0=1e-12、α_g=0.85、ω_bub=1e4、γ=1e-8、γ_τ=γ_κ=1e-9、t_end=1e-4 s、nstep=2000）250 位审计：①【结构性】∂ρ/∂σ 与 ρ_eff 中同一因子 (κ0²+α_gτ0²) 恒约去 ⇒ accel ≡ 3/σ − γv·16πG/(σ³F)（sympy 精确恒等）⇒ σ 段方程不含 G、κ0、τ0、α_g 中任何一个 且把总能量当密度用；②量纲两头非法——ρ_grav 承 §18 非能量密度 accel 量纲 [L^-1] 而加速度须 [L^1 T^-2]；③【数值伪迹】σ 段阻尼率 λ=3.9469e10 s^-1 ⇒ 显式 Euler 需 dt<5.07e-11 s 而草稿 dt=5.0e-8 s（越界 986.7 倍）⇒ 草稿输出 σ_end/σ0−1=1.9757e6 而稳定参考解（指数拟合 2000/20000 步一致 并经 scipy Radau rtol=1e-13 外校）仅 8.06e-13 ⇒ 相差 2.45e18 倍；④σ̈=3/σ>0 恒成立 ⇒ 永不坍缩「激发传播坍缩全周期」在方程层面不可能；⑤时间尺度错配：窗 1e-4 s 仅覆盖 0.159 个振荡周期（不足 1 个）且比幅值衰减时标 1e9 s 短 1e13 倍；⑥「守恒总能量 E_b」不成立：α_g=0.85≠1 使范数 κ²+α_gτ² 在四分之一周期摆动 +17.65%（零耗散下）；⑦ω_bub=1e4 rad/s 与本体泡心频率 c√(κ0²+τ0²)=2.998e-4 rad/s 相差 3.34e7 倍且无约束方程；⑧δφ=S·τ0·σ/v 量纲 [LM] 错误复发；⑨自由参数 4→9 而约束 0 条、可检验预言 0 条 ⇒ V≤0 伪派生 ⇒ 模块「时变动态观测预言就绪」宣称不成立 → falsified（模块层）；体系级「挠率/曲率场能否局域激发并动力学演化」仍 open,第一性审计,falsified,算法联盟审计组
C57,【V21续修③·元审计】草稿 37-claim 自评清单与层级判据审计：①计数自述与清单不符（实测 PASS=18/open=19 而自述 PASS=20/OPEN=17）；②与已登记台账冲突 9 处——C26/C27/C29/C30/C31/C33/C36/C37 台账已 falsified 与 C28 boundary 被统一改标 PASS（以自评覆盖已登记证伪）；③清单由四态退化为二态（BOUNDARY=0、FAIL=0）并新增 23 条未登记编号（含 CMB01-03/EHT01-03 共 6 条无模块无公式无脚本）；④S03「洛伦兹不变性 PASS」与本体系 C24 矛盾（基底速率 √(1+1/tan²θ)=1.117276 c 超光速 11.73%）；⑤「矛盾自检算法」是桩函数（axiom_set/eq_list 从未被读取 空参数亦 PASS）；⑥层级判据被放宽（hierarchy_lift 硬编码 base_level=L2 且只要有非空 predict_target 即升 L3/PASS 丢掉「构造性推导+误差棒」双条件 空公理集亦升 L3）⇒ 「L3 资格保持有效」不成立（引擎 §17 对登记全量 L3=0）；⑦「拓扑归一算法」为恒等重述 + 无来源阈值 eps=1e-200（0.1% 扰动即 INCONCLUSIVE）；⑧CSV 导出破坏列结构（BUB04 的 predict_target 含裸逗号 ⇒ 6 字段）；并给出「自评清单可被审计」四条最低契约（四态齐备且与台账一致/新编号须附模块公式脚本/升维须引用判据原文/导出须转义）,元审计,BOUNDARY,算法联盟审计组
C58,【V21续修④·谱量纲】C25 薛定谔方程 −ℏ²d²/ds²+V(s)ψ=Eψ 量纲不自洽：V0 声明无量纲时 V(s)=V0·ω²/c² 具 [L^-2]、−ℏ²d²/ds² 具 (动量)²=[M²L²T^-2]、本征值 E 须为能量 [ML²T^-2] ⇒ 三项互不一致（须补 1/(2m) 且 V0 带 [J·m²] 量纲）；另几何不变量残差 κ²+τ²−ω²/c²=−2.64e-228 是按构造成立（tautology）非独立验证；独立复算确认谱退化：n=2..6 相对差 9.33e-77…1.089e-75（α 精度/谱宽=10^65.14 量级）,第一性审计,falsified,算法联盟审计组
C59,【V21续修④·进动符号】C35 草稿 Binet 方程符号错误：由力律 F_r=−GMm/r²+GMm·λgΦ0/r⁴ 经 Binet d²u/dφ²+u=−F(1/u)/(m h²u²) 应得 −(GMλgΦ0/h²)u² 草稿写作 +（正号）与自身力律不自洽；正确符号下匹配 GR 需 λgΦ0=−3h²/c²（负值）；独立无量纲数值复算（ũ''+ũ=1+β̃ũ²、β̃_GR=3GM/(c²a(1−e²))=7.9874e-8）确认 GR 项给 0.1035 角秒/轨道=42.95 角秒/百年（观测 43）纯开普勒 −1.88e-5 角秒/轨道（数值零）,第一性审计,falsified,算法联盟审计组
C60,【V21续修③·EHT光子环】EHT 光子环攻坚模块（GR 基准 mpmath 250 位复现：Sgr A* θ_sh=52.106 μas、M87*=39.689 μas、b_crit/r_s=3√3/2 精确；散射角 RK4 七档收敛、弱场极限 1PN 偏差 1.09e-5、临界发散正确）纲领映射审查 8/8 FAIL（量纲死亡/零内容/无映射方程三型）；β0≡GR 1PN 使 r_g/r_ph=1/3 精确 ⇒ 光子环零新内容；判别式 V=F−C=0≤0 ⇒ 无映射方程层 模块「EHT 光子环可检验预言就绪」宣称不成立 → falsified（模块层）；体系级「先由作用量导出场方程则光子环预言可重启」保持 open,第一性审计,falsified,算法联盟审计组
C61,【V21续修③·CMB双谱】CMB 拓扑双谱攻坚模块（标准宇宙学靶基准：Planck 2018 公开锚点 声峰 l≈220 C_l≈5.7e3 μK²、f_NL^local=−0.9±5.1、n_s=0.965±0.004、A_s=2.105e-9、r<0.036；mpmath 250 位复算 |f_NL|/σ=0.1765、(1−n_s)/σ=8.75σ）纲领映射审查 8/8 FAIL（量纲死亡/零内容/无映射方程三型 与 C60 EHT 光子环逐项同型）；判别式 V=F−C=0≤0 ⇒ 无映射方程层 模块「CMB 双谱宇宙学独立观测靶就绪」宣称不成立 → falsified（模块层）；体系级「先由作用量导出场方程与引力涨落谱则 CMB 预言可重启」保持 open,第一性审计,falsified,算法联盟审计组
C62,【数学链·C14频率公式冲突】C14 字面 ω=c(κ²+τ²)/κ 代入 C02 的 κ=ρ/L²、τ=b/L²（L²=ρ²+b²）得 ω=c/ρ，与光速约束 |R′|=c（ω=c/√(ρ²+b²)，C01/C24/C39）仅在 b=0 自洽；mpmath 250 位相对差 2.662532280642738e-5 = 解析因子 √(1+α²)−1（α=b/ρ，C03）精确匹配，非数值噪声；正确组合 c√(κ²+τ²)=c/L 与约束偏差 1.56e-251 一致 ⇒ 「由几何量正确推出」原审计（01_全维评级）不成立 → falsified（公式层；记号 ω 双义冲突，同 C26 模式）,第一性审计,falsified,算法联盟审计组
C63,【频率链·C15第五力恒零】匀速螺旋 R(t)=(ρcosωt、ρsinωt、bωt) 中 ω 为常数参数（纲领无变速机制，02_全维分析合订本诚实边界「无频率如何被控制」）⇒ dω/dt≡0 ⇒ F₅=(ℏ/2)dω/dt≡0（任意 t，250 位数值机器零）；叠加量纲 [F₅]=M·L²·T⁻³=功率(W)≠力（原体系 X11 已承认）⇒ C15「第五力对应暗能量」双重失效（恒等消去零内容+量纲非法）,第一性审计,falsified,算法联盟审计组
C64,【数学链·C05α拓扑公式数值不命中】Δ_top=(1/4π²)(χ/(2−2g)) 闭合曲面 χ=2−2g ⇒ Δ_top=1/(4π²)=0.02533029591；α_pred=sin(1/(137+1/4π²))=0.00729785596032696 vs α_obs=0.0072973525693（CODATA）相对差 6.898269230919879e-5（250 位，α 观测不确定度 1.5e-10 ⇒ 差约 5 个量级）；精确反解 Δ_top=1/asin(α)−137=0.0347828（01A 附录近似反解 1/α−137=0.03599908）与理论值均差 27%~30% ⇒ 公式不还原观测；Δ_top 若自由则恒等零内容、若有理论来源则数值错误 ⇒ 「第一性公式」两条路均不成立 → falsified（公式层）,第一性审计,falsified,算法联盟审计组
C65,【拓扑本源·总攻】N=137 可由拓扑绕数/Dirac谱流/量子相位闭合第一性推出——材料自陈「N=137 是手填目标值而非推导结果」「输入非输出」「三条推导路径尚未互相收口」（00_总纲 L43/L196；01_评级 L43；01A X4）；1/α_obs=137.035999084 与 N=137 相对差 2.63e-4（N 若由 α 反推应≈137.036）⇒ 声称无推导链 → falsified（无证据）,拓扑本源,falsified,算法联盟审计组
C66,【几何表达式·总攻】G=c³/[ℏ(κ_G²+τ_G²)] 待拓扑确定——κ_G/τ_G 自由取值⇒两未知一方程恒等零内容；绑定 C02（κ=ρ/L²、τ=b/L²）则 ρ 两口径（G 反推 3.331e-9 / 光速约束 c/(ω√(1+α²))=2.426e-12，互差 1373 倍⇒纲领内部 ρ 定义不自洽）下 G_pred=2.84e42 / 1.50e36，偏大 46~53 个量级 ⇒ 两条路均不产生 G 独立预测 → falsified,几何表达式,falsified,算法联盟审计组
C67,【数学项命名·总攻】高阶力 F_n=αⁿ/N 命名暗能量/暗物质/量子涨落——αⁿ/N 全域扫描（n=1..6、N=137~1e6）最大 5.33e-5，较最小宇宙学占比 Ω_B=0.0493 至少小 13 个量级，无任何 (n·N) 组合命中 Ω_Λ=0.6847/Ω_m=0.3153/Ω_b=0.0493 ⇒ 命名无对应物 → falsified,数学项命名,falsified,算法联盟审计组
C68,【第一性锚点·总攻】ρ（螺旋半径）可由纯几何或量子第一性预测——材料自陈 ρ=√(G/(α²μ₀c²)) 由 G 反推「代数恒等式而非独立物理推导」（00_总纲 L95；01A L50）；光速约束口径 ρ=c/(ω√(1+α²)) 亦依赖外部输入 ω、α ⇒ 无第一性预测公式 → falsified,第一性锚点,falsified,算法联盟审计组
C69,【第一性审计·总攻定案】α=(1/(2√N))(c/(ωA)) 伪派生升级——V=(1−2−1)/1=−2≤0；读数B 唯一约束 N≥4694.7163、读数A 无约束；N∈[4695至1e9] 四量级全命中 α ⇒ 对 N 无选择力且不可证伪 → falsified（伪派生定案）,第一性审计,falsified,算法联盟审计组
C70,【第一性审计·总攻定案】F_grav=−Gm₁m₂/r²·∇Φ/Φ₀ 二分升级——Φ∝r^n：n=1 ⇒ ∇Φ/Φ₀≡常数可吸收进 G（零内容）；n≠1 ⇒ 力律非 r⁻² 违反 Bertrand 闭合轨道定理（闭合轨道仅 r⁻² 或 r 谐波）⇒ 无新内容 → falsified,第一性审计,falsified,算法联盟审计组
C71,TUFT V3.2 包络场方程 □ψ=V₁|ψ|²ψ−V₂|ψ|⁴ψ 为洛伦兹标量波动方程（数学自洽），但六阶项符号为负使势能下无界、非「饱和」——需翻正符号才是有下界六次势,场方程协变性,boundary,算法联盟
C72,绝热近似下加速孤子远场辐射∝(1/R)、弱加速辐射功率收敛相对论Larmor（与标准电动力学一致）,辐射,pass,算法联盟
C73,强加速下六阶自耦合致孤子形变、辐射偏离Larmor：δP∝V₂·(Q₀²a_μa^μ/6πε₀c³)·ε(a)（构造假设待数值校验）,辐射修正,open,算法联盟
C74,统一场总作用量S=EC+Maxwell+TUFT+minimal变分自洽给出耦合场方程组（数学自洽的耦合框架、非常数或质量第一性导出）,统一作用量,boundary,算法联盟
C75,路线2 mpmath打靶代码缺ω项、注释与代码符号相反、E₀缺相位动能项、mp.odefun非标准接口——已由 V3.2_Qball_route2.py 修复并跑通（见 C76）,数值实现,boundary,算法联盟
C76,「有下界六次势+质量项」修复候选的时间谐振Q-ball数值自洽：V1=1.2/V2=0.4/M2=0.4/ω=0.0447 打靶收敛 σ0≈1.599、E0/Q≈0.245<1、有限能量局部化（示范参数、非粒子身份、绝对质量/电荷需尺度锚）,数值验证,boundary,算法联盟
