距离(r),电场强度(E),理论导数
1e-10,144000000000.0,-2.88e+21
1.090909090909091e-10,120999999999.99998,-2.2183333333333327e+21
1.1818181818181818e-10,103100591715.97633,-1.744779244424215e+21
1.2727272727272728e-10,88897959183.67345,-1.396967930029154e+21
1.3636363636363637e-10,77440000000.0,-1.1357866666666666e+21
1.4545454545454547e-10,68062499999.999985,-9.358593749999996e+20
1.5454545454545455e-10,60290657439.44636,-7.802320374516587e+20
1.6363636363636366e-10,53777777777.77776,-6.572839506172837e+20
1.7272727272727274e-10,48265927977.839325,-5.588686397434027e+20
1.8181818181818182e-10,43560000000.0,-4.7916e+20
1.9090909090909093e-10,39510204081.632645,-4.1391642371234195e+20
2.0000000000000003e-10,35999999999.999985,-3.599999999999999e+20
2.090909090909091e-10,32937618147.448017,-3.150554779321114e+20
2.181818181818182e-10,30249999999.999996,-2.772916666666666e+20
2.272727272727273e-10,27878399999.999992,-2.453299199999999e+20
2.363636363636364e-10,25775147928.994072,-2.1809740555302673e+20
2.4545454545454546e-10,23901234567.90123,-1.9475080018289892e+20
2.5454545454545457e-10,22224489795.91836,-1.7462099125364425e+20
2.636363636363637e-10,20718192627.824013,-1.571724957972856e+20
2.7272727272727273e-10,19360000000.0,-1.4197333333333333e+20
2.8181818181818184e-10,18131113423.517166,-1.2867241784431536e+20
2.9090909090909094e-10,17015624999.999996,-1.1698242187499995e+20
3.0000000000000005e-10,15999999999.999994,-1.066666666666666e+20
3.090909090909091e-10,15072664359.86159,-9.752900468145734e+19
3.181818181818182e-10,14223673469.387753,-8.940594752186586e+19
3.272727272727273e-10,13444444444.44444,-8.216049382716046e+19
3.363636363636364e-10,12727538349.159966,-7.567725504905924e+19
3.454545454545455e-10,12066481994.459831,-6.985857996792534e+19
3.545454545454546e-10,11455621301.775145,-6.462145349719312e+19
3.636363636363637e-10,10889999999.999996,-5.989499999999997e+19
3.727272727272728e-10,10365258774.538961,-5.561846171703831e+19
3.8181818181818185e-10,9877551020.408161,-5.173955296404274e+19
3.9090909090909096e-10,9423472147.10654,-4.821311331077765e+19
4.0000000000000007e-10,8999999999.999996,-4.499999999999998e+19
4.090909090909091e-10,8604444444.444443,-4.206617283950616e+19
4.1818181818181823e-10,8234404536.862001,-3.938193474151392e+19
4.2727272727272733e-10,7887732005.432321,-3.692129874883213e+19
4.3636363636363644e-10,7562499999.999997,-3.4661458333333316e+19
4.454545454545455e-10,7256976259.89171,-3.258234239135053e+19
4.545454545454546e-10,6969599999.999998,-3.0666239999999988e+19
4.636363636363637e-10,6698961937.716261,-2.8897482868579942e+19
4.727272727272727e-10,6443786982.248521,-2.7262175694128357e+19
4.818181818181818e-10,6202919188.323246,-2.5747966442096497e+19
4.909090909090909e-10,5975308641.975307,-2.4343850022862365e+19
5e-10,5760000000.0,-2.3039999999999996e+19
5.090909090909091e-10,5556122448.97959,-2.182762390670553e+19
5.181818181818182e-10,5362880886.426591,-2.069883850901491e+19
5.272727272727274e-10,5179548156.956003,-1.96465619746607e+19
5.363636363636364e-10,5005458201.666187,-1.8664420412992565e+19
5.454545454545455e-10,4840000000.0,-1.7746666666666666e+19
5.545454545454546e-10,4682612201.02123,-1.6888109577453617e+19
5.636363636363637e-10,4532778355.879292,-1.608405223053942e+19
5.727272727272728e-10,4390022675.73696,-1.5330237915271926e+19
5.818181818181819e-10,4253906249.999999,-1.4622802734374994e+19
5.909090909090909e-10,4124023668.639054,-1.395823395539372e+19
6e-10,4000000000.0,-1.3333333333333334e+19
6.090909090909091e-10,3881488081.9781685,-1.2745184746793986e+19
6.181818181818182e-10,3768166089.9653974,-1.2191125585182167e+19
6.272727272727273e-10,3659735349.7164454,-1.1668721404893014e+19
6.363636363636364e-10,3555918367.346938,-1.1175743440233232e+19
6.454545454545455e-10,3456457052.1721873,-1.0710148612364524e+19
6.545454545454545e-10,3361111111.111111,-1.0270061728395063e+19
6.636363636363636e-10,3269656595.9842367,-9.853759604336056e+18
6.727272727272727e-10,3181884587.289993,-9.45965688113241e+18
6.818181818181819e-10,3097599999.9999995,-9.086293333333333e+18
6.90909090909091e-10,3016620498.614958,-8.732322495990667e+18
7.000000000000001e-10,2938775510.204081,-8.396501457725945e+18
7.090909090909092e-10,2863905325.443786,-8.07768168714914e+18
7.181818181818182e-10,2791860278.801474,-7.774800776409169e+18
7.272727272727273e-10,2722500000.0,-7.486875e+18
7.363636363636364e-10,2655692729.7668033,-7.212992599366626e+18
7.454545454545455e-10,2591314693.634741,-6.952307714629792e+18
7.545454545454546e-10,2529249528.2334156,-6.704034894112667e+18
7.636363636363637e-10,2469387755.1020403,-6.467444120505343e+18
7.727272727272728e-10,2411626297.577854,-6.241856299613268e+18
7.818181818181818e-10,2355868036.776636,-6.026639163847208e+18
7.909090909090909e-10,2302021403.0915575,-5.821203548047617e+18
8e-10,2250000000.0,-5.625e+18
8.090909090909091e-10,2199722257.2907457,-5.437515692179371e+18
8.181818181818182e-10,2151111111.1111107,-5.25827160493827e+18
8.272727272727273e-10,2104093708.4893126,-5.086819954589546e+18
8.363636363636365e-10,2058601134.2155004,-4.92274184268924e+18
8.454545454545455e-10,2014568158.1685743,-4.765645105345015e+18
8.545454545454546e-10,1971933001.3580806,-4.615162343604018e+18
8.636363636363637e-10,1930637119.1135733,-4.470949117947222e+18
8.727272727272728e-10,1890624999.9999998,-4.3326822916666655e+18
8.818181818181819e-10,1851843979.1688807,-4.2000585094551926e+18
8.90909090909091e-10,1814244064.9729276,-4.0727927989188163e+18
9.000000000000001e-10,1777777777.7777772,-3.950617283950616e+18
9.090909090909091e-10,1742400000.0,-3.83328e+18
9.181818181818182e-10,1708067836.4866188,-3.720543802248081e+18
9.272727272727273e-10,1674740484.4290655,-3.6121853585724943e+18
9.363636363636364e-10,1642379112.0746534,-3.507994219965279e+18
9.454545454545456e-10,1610946745.5621295,-3.4077719617660426e+18
9.545454545454546e-10,1580408163.2653058,-3.3113313896987356e+18
9.636363636363638e-10,1550729797.080811,-3.21849580526206e+18
9.727272727272728e-10,1521879640.1432436,-3.129098325528164e+18
9.818181818181818e-10,1493827160.4938269,-3.0429812528577956e+18
9.90909090909091e-10,1466543220.267654,-2.959995490448475e+18
1e-09,1440000000.0,-2.8799999999999995e+18
