距离(r),引力场强度(A),理论导数,单位质量受力(F),牛顿引力
1.0,-6.6743e-11,1.33486e-10,-6.6743e-11,-6.6743e-11
1.0909090909090908,-5.608265972222223e-11,1.0281820949074076e-10,-5.608265972222223e-11,-5.608265972222223e-11
1.1818181818181819,-4.7786408284023654e-11,8.086930632680926e-11,-4.7786408284023654e-11,-4.7786408284023654e-11
1.2727272727272727,-4.120358673469388e-11,6.474849344023324e-11,-4.120358673469388e-11,-4.120358673469388e-11
1.3636363636363638,-3.5892902222222214e-11,5.264292325925924e-11,-3.5892902222222214e-11,-3.5892902222222214e-11
1.4545454545454546,-3.154649609375e-11,4.337643212890624e-11,-3.154649609375e-11,-3.154649609375e-11
1.5454545454545454,-2.7944301038062283e-11,3.61632131080806e-11,-2.7944301038062283e-11,-2.7944301038062283e-11
1.6363636363636362,-2.492562654320988e-11,3.046465466392319e-11,-2.492562654320988e-11,-2.492562654320988e-11
1.7272727272727273,-2.237092243767313e-11,2.5903173348884673e-11,-2.237092243767313e-11,-2.237092243767313e-11
1.8181818181818183,-2.0189757499999996e-11,2.220873324999999e-11,-2.0189757499999996e-11,-2.0189757499999996e-11
1.9090909090909092,-1.8312705215419497e-11,1.9184738797106138e-11,-1.8312705215419497e-11,-1.8312705215419497e-11
2.0,-1.668575e-11,1.668575e-11,-1.668575e-11,-1.668575e-11
2.090909090909091,-1.52663572778828e-11,1.4602602613627025e-11,-1.52663572778828e-11,-1.52663572778828e-11
2.1818181818181817,-1.4020664930555557e-11,1.2852276186342595e-11,-1.4020664930555557e-11,-1.4020664930555557e-11
2.2727272727272725,-1.2921444800000003e-11,1.1370871424000002e-11,-1.2921444800000003e-11,-1.2921444800000003e-11
2.3636363636363638,-1.1946602071005914e-11,1.0108663290851158e-11,-1.1946602071005914e-11,-1.1946602071005914e-11
2.4545454545454546,-1.107805624142661e-11,9.026564344866127e-12,-1.107805624142661e-11,-1.107805624142661e-11
2.5454545454545454,-1.030089668367347e-11,8.093561680029155e-12,-1.030089668367347e-11,-1.030089668367347e-11
2.6363636363636367,-9.602738406658736e-12,7.284836032637661e-12,-9.602738406658736e-12,-9.602738406658736e-12
2.7272727272727275,-8.973225555555553e-12,6.580365407407405e-12,-8.973225555555553e-12,-8.973225555555553e-12
2.8181818181818183,-8.403645161290321e-12,5.963877211238292e-12,-8.403645161290321e-12,-8.403645161290321e-12
2.909090909090909,-7.8866240234375e-12,5.42205401611328e-12,-7.8866240234375e-12,-7.8866240234375e-12
3.0,-7.415888888888889e-12,4.943925925925925e-12,-7.415888888888889e-12,-7.415888888888889e-12
3.090909090909091,-6.986075259515571e-12,4.520401638510075e-12,-6.986075259515571e-12,-6.986075259515571e-12
3.1818181818181817,-6.59257387755102e-12,4.143903580174927e-12,-6.59257387755102e-12,-6.59257387755102e-12
3.272727272727273,-6.2314066358024675e-12,3.808081832990397e-12,-6.2314066358024675e-12,-6.2314066358024675e-12
3.3636363636363638,-5.899125639152665e-12,3.5075882178745573e-12,-5.899125639152665e-12,-5.899125639152665e-12
3.4545454545454546,-5.592730609418282e-12,3.237896668610584e-12,-5.592730609418282e-12,-5.592730609418282e-12
3.5454545454545454,-5.309600920447074e-12,2.9951594935855286e-12,-5.309600920447074e-12,-5.309600920447074e-12
3.6363636363636362,-5.047439375e-12,2.77609165625e-12,-5.047439375e-12,-5.047439375e-12
3.7272727272727275,-4.804225461035097e-12,2.5778770766529785e-12,-4.804225461035097e-12,-4.804225461035097e-12
3.8181818181818183,-4.578176303854874e-12,2.3980923496382673e-12,-4.578176303854874e-12,-4.578176303854874e-12
3.909090909090909,-4.367713899405083e-12,2.2346443206258567e-12,-4.367713899405083e-12,-4.367713899405083e-12
4.0,-4.1714375e-12,2.08571875e-12,-4.1714375e-12,-4.1714375e-12
4.090909090909091,-3.98810024691358e-12,1.9497378984910838e-12,-3.98810024691358e-12,-3.98810024691358e-12
4.181818181818182,-3.8165893194707e-12,1.825325326703378e-12,-3.8165893194707e-12,-3.8165893194707e-12
4.272727272727273,-3.655909008601176e-12,1.7112765572175713e-12,-3.655909008601176e-12,-3.655909008601176e-12
4.363636363636363,-3.5051662326388893e-12,1.6065345232928244e-12,-3.5051662326388893e-12,-3.5051662326388893e-12
4.454545454545455,-3.363558100791336e-12,1.5101689432124364e-12,-3.363558100791336e-12,-3.363558100791336e-12
4.545454545454545,-3.2303612000000007e-12,1.4213589280000002e-12,-3.2303612000000007e-12,-3.2303612000000007e-12
4.636363636363637,-3.1049223375624754e-12,1.3393782632622442e-12,-3.1049223375624754e-12,-3.1049223375624754e-12
4.7272727272727275,-2.9866505177514784e-12,1.2635829113563948e-12,-2.9866505177514784e-12,-2.9866505177514784e-12
4.818181818181818,-2.875009967960128e-12,1.193400364058921e-12,-2.875009967960128e-12,-2.875009967960128e-12
4.909090909090909,-2.7695140603566526e-12,1.1283205431082659e-12,-2.7695140603566526e-12,-2.7695140603566526e-12
5.0,-2.6697199999999997e-12,1.0678879999999999e-12,-2.6697199999999997e-12,-2.6697199999999997e-12
5.090909090909091,-2.5752241709183673e-12,1.0116952100036443e-12,-2.5752241709183673e-12,-2.5752241709183673e-12
5.181818181818182,-2.485658048630348e-12,9.593767906994325e-13,-2.485658048630348e-12,-2.485658048630348e-12
5.2727272727272725,-2.400684601664685e-12,9.10604504079708e-13,-2.400684601664685e-12,-2.400684601664685e-12
5.363636363636363,-2.3199951163458775e-12,8.650829247391409e-13,-2.3199951163458775e-12,-2.3199951163458775e-12
5.454545454545455,-2.2433063888888883e-12,8.225456759259256e-13,-2.2433063888888883e-12,-2.2433063888888883e-12
5.545454545454546,-2.170358237033055e-12,7.827521510611018e-13,-2.170358237033055e-12,-2.170358237033055e-12
5.636363636363637,-2.1009112903225803e-12,7.454846514047865e-13,-2.1009112903225803e-12,-2.1009112903225803e-12
5.7272727272727275,-2.0347450239354997e-12,7.105458813743014e-13,-2.0347450239354997e-12,-2.0347450239354997e-12
5.818181818181818,-1.971656005859375e-12,6.7775675201416e-13,-1.971656005859375e-12,-1.971656005859375e-12
5.909090909090909,-1.9114563313609465e-12,6.469544506144743e-13,-1.9114563313609465e-12,-1.9114563313609465e-12
6.0,-1.853972222222222e-12,6.179907407407407e-13,-1.853972222222222e-12,-1.853972222222222e-12
6.090909090909091,-1.799042771218534e-12,5.907304621911604e-13,-1.799042771218534e-12,-1.799042771218534e-12
6.181818181818182,-1.7465188148788927e-12,5.650502048137594e-13,-1.7465188148788927e-12,-1.7465188148788927e-12
6.2727272727272725,-1.6962619197647551e-12,5.408371338380379e-13,-1.6962619197647551e-12,-1.6962619197647551e-12
6.363636363636364,-1.6481434693877547e-12,5.179879475218658e-13,-1.6481434693877547e-12,-1.6481434693877547e-12
6.454545454545455,-1.6020438405078352e-12,4.964079505798926e-13,-1.6020438405078352e-12,-1.6020438405078352e-12
6.545454545454546,-1.5578516589506169e-12,4.760102291237996e-13,-1.5578516589506169e-12,-1.5578516589506169e-12
6.636363636363637,-1.5154631262901102e-12,4.56714914772362e-13,-1.5154631262901102e-12,-1.5154631262901102e-12
6.7272727272727275,-1.4747814097881662e-12,4.3844852723431967e-13,-1.4747814097881662e-12,-1.4747814097881662e-12
6.818181818181818,-1.4357160888888886e-12,4.2114338607407406e-13,-1.4357160888888886e-12,-1.4357160888888886e-12
6.909090909090909,-1.3981826523545705e-12,4.04737083576323e-13,-1.3981826523545705e-12,-1.3981826523545705e-12
7.0,-1.3621020408163264e-12,3.8917201166180754e-13,-1.3621020408163264e-12,-1.3621020408163264e-12
7.090909090909091,-1.3274002301117685e-12,3.743949366981911e-13,-1.3274002301117685e-12,-1.3274002301117685e-12
7.181818181818182,-1.2940078513058803e-12,3.603566168193591e-13,-1.2940078513058803e-12,-1.2940078513058803e-12
7.2727272727272725,-1.26185984375e-12,3.4701145703125e-13,-1.26185984375e-12,-1.26185984375e-12
7.363636363636364,-1.2308951379362899e-12,3.343171979580047e-13,-1.2308951379362899e-12,-1.2308951379362899e-12
7.454545454545455,-1.2010563652587742e-12,3.222346345816223e-13,-1.2010563652587742e-12,-1.2010563652587742e-12
7.545454545454546,-1.1722895921033528e-12,3.107273617623345e-13,-1.1722895921033528e-12,-1.1722895921033528e-12
7.636363636363637,-1.1445440759637185e-12,2.997615437047834e-13,-1.1445440759637185e-12,-1.1445440759637185e-12
7.7272727272727275,-1.1177720415224912e-12,2.8930570486464474e-13,-1.1177720415224912e-12,-1.1177720415224912e-12
7.818181818181818,-1.0919284748512708e-12,2.793305400782321e-13,-1.0919284748512708e-12,-1.0919284748512708e-12
7.909090909090909,-1.066970934073193e-12,2.698087419495431e-13,-1.066970934073193e-12,-1.066970934073193e-12
8.0,-1.042859375e-12,2.6071484375e-13,-1.042859375e-12,-1.042859375e-12
8.09090909090909,-1.019555990405252e-12,2.5202507627995e-13,-1.019555990405252e-12,-1.019555990405252e-12
8.181818181818182,-9.97025061728395e-13,2.4371723731138547e-13,-9.97025061728395e-13,-9.97025061728395e-13
8.272727272727273,-9.752328221229318e-13,2.357705723813681e-13,-9.752328221229318e-13,-9.752328221229318e-13
8.363636363636363,-9.54147329867675e-13,2.2816566583792227e-13,-9.54147329867675e-13,-9.54147329867675e-13
8.454545454545455,-9.3373835125448e-13,2.2088434115697376e-13,-9.3373835125448e-13,-9.3373835125448e-13
8.545454545454547,-9.13977252150294e-13,2.139095696521964e-13,-9.13977252150294e-13,-9.13977252150294e-13
8.636363636363637,-8.94836897506925e-13,2.0722538679107737e-13,-8.94836897506925e-13,-8.94836897506925e-13
8.727272727272727,-8.762915581597223e-13,2.0081681541160305e-13,-8.762915581597223e-13,-8.762915581597223e-13
8.818181818181818,-8.583168243171431e-13,1.9466979520594998e-13,-8.583168243171431e-13,-8.583168243171431e-13
8.90909090909091,-8.40889525197834e-13,1.8877111790155455e-13,-8.40889525197834e-13,-8.40889525197834e-13
9.0,-8.239876543209876e-13,1.8310836762688614e-13,-8.239876543209876e-13,-8.239876543209876e-13
9.090909090909092,-8.075902999999998e-13,1.7766986599999992e-13,-8.075902999999998e-13,-8.075902999999998e-13
9.181818181818182,-7.9167758062935e-13,1.7244462152322475e-13,-7.9167758062935e-13,-7.9167758062935e-13
9.272727272727273,-7.762305843906188e-13,1.6742228290778053e-13,-7.762305843906188e-13,-7.762305843906188e-13
9.363636363636363,-7.612313130361014e-13,1.625930959882935e-13,-7.612313130361014e-13,-7.612313130361014e-13
9.454545454545455,-7.466626294378696e-13,1.5794786391954934e-13,-7.466626294378696e-13,-7.466626294378696e-13
9.545454545454545,-7.325082086167801e-13,1.5347791037684916e-13,-7.325082086167801e-13,-7.325082086167801e-13
9.636363636363637,-7.18752491990032e-13,1.4917504550736512e-13,-7.18752491990032e-13,-7.18752491990032e-13
9.727272727272727,-7.053806445977815e-13,1.4503153440328218e-13,-7.053806445977815e-13,-7.053806445977815e-13
9.818181818181818,-6.923785150891631e-13,1.4104006788853323e-13,-6.923785150891631e-13,-6.923785150891631e-13
9.90909090909091,-6.79732598266139e-13,1.3719373542986291e-13,-6.79732598266139e-13,-6.79732598266139e-13
10.0,-6.674299999999999e-13,1.3348599999999998e-13,-6.674299999999999e-13,-6.674299999999999e-13
