距离(r),核力(F)
0.01,9900.498337491681
0.010974987654930561,8211.557581551357
0.012045035402587823,6810.088346061185
0.013219411484660288,5647.219130621668
0.014508287784959394,4682.381631756383
0.015922827933410922,3881.900501745124
0.01747528400007684,3217.8225864169476
0.019179102616724886,2666.944978603821
0.02104904144512021,2210.0081282227943
0.023101297000831605,1831.0259819672892
0.025353644939701114,1516.7298843770031
0.027825594022071243,1256.106922860114
0.030538555088334154,1040.0166792447037
0.033516026509388425,860.8730735309545
0.03678379771828634,712.3802462570632
0.040370172585965536,589.3133027809778
0.044306214575838825,487.3363009900903
0.04862601580065353,402.8511575894694
0.0533669923120631,332.87222210693955
0.05857020818056667,274.9221593845155
0.06428073117284322,226.945521562212
0.07054802310718646,187.23700510743424
0.0774263682681127,154.38189864162663
0.08497534359086446,127.20665088310538
0.093260334688322,104.73783967023051
0.10235310218990264,86.16811496405937
0.11233240329780277,70.8279310927923
0.12328467394420665,58.16208470862828
0.13530477745798075,47.710241969040936
0.1484968262254465,39.09077713035864
0.16297508346206444,31.987359868310847
0.1788649529057435,26.13782421650574
0.19630406500402714,21.324931359323493
0.21544346900318845,17.368704386483614
0.23644894126454083,14.120067800641376
0.25950242113997374,11.45556996636064
0.2848035868435802,9.273004375719138
0.3125715849688237,7.487776891869514
0.34304692863149194,6.029892104029128
0.37649358067924693,4.84145348795145
0.41320124001153385,3.874589964055599
0.4534878508128584,3.089736302945117
0.49770235643321115,2.454207161298721
0.5462277217684343,1.9410147686372867
0.5994842503189411,1.5278887830341044
0.6579332246575682,1.196463886771909
0.7220809018385468,0.9316065464236298
0.7924828983539177,0.720857219367404
0.8697490026177834,0.5539683193135693
0.9545484566618342,0.42252159733836403
1.0476157527896652,0.31961136874790014
1.149756995397737,0.2395823167229672
1.261856883066021,0.17781251172497478
1.384886371393873,0.13053386821858629
1.5199110829529348,0.09468357340460433
1.6681005372000592,0.06778111317101879
1.8307382802953698,0.04782642753330226
2.0092330025650478,0.0332154842228866
2.2051307399030455,0.022670192136577515
2.4201282647943834,0.015180108700268919
2.656087782946687,0.009953845234883853
2.9150530628251787,0.006378456691063805
3.1992671377973845,0.003985427616094389
3.5111917342151346,0.002422142633593016
3.8535285937105312,0.0014279619136817493
4.229242874389499,0.0008142127606027984
4.641588833612782,0.0004475589527495732
5.09413801481638,0.00023632113074127306
5.590810182512229,0.00011939674670999854
6.135907273413176,5.747139699311933e-05
6.7341506577508286,2.6231907513925133e-05
7.390722033525782,1.1294745931799287e-05
8.111308307896872,4.561647714553008e-06
8.902150854450392,1.7173353429915117e-06
9.770099572992256,5.985517267200131e-07
10.722672220103243,1.916887224495238e-07
11.768119524349991,5.594438278403208e-08
12.91549665014884,1.474513834297715e-08
14.174741629268063,3.475022532634888e-09
15.556761439304722,7.243458342047832e-10
17.07352647470692,1.3195176408787494e-10
18.73817422860385,2.0732887260260116e-11
20.565123083486537,2.7696054103703768e-12
22.570197196339215,3.0961157958906453e-13
24.770763559917114,2.846526855563352e-14
27.185882427329428,2.111710636606992e-15
29.836472402833405,1.2379118677390762e-16
32.745491628777316,5.604161575794186e-18
35.938136638046295,1.9105326198558442e-19
39.4420605943766,4.7710232949875406e-21
43.287612810830616,8.466450016406286e-23
47.50810162102798,1.0326621679916911e-24
52.140082879996896,8.346536268858598e-27
57.223676593502205,4.294587998202688e-29
62.802914418342596,1.3461120895661038e-31
68.92612104349702,2.4490536273268482e-34
75.64633275546291,2.4526713073924675e-37
83.02175681319753,1.2756316900716778e-40
91.11627561154896,3.232305276222262e-44
100.0,3.720075976020836e-48
