距离(r),磁场强度(B),理论导数
0.1,2e-06,-1.9999999999999998e-05
0.1090909090909091,1.833333333333333e-06,-1.6805555555555555e-05
0.1181818181818182,1.6923076923076922e-06,-1.4319526627218931e-05
0.1272727272727273,1.5714285714285712e-06,-1.2346938775510203e-05
0.13636363636363635,1.4666666666666669e-06,-1.0755555555555557e-05
0.14545454545454545,1.3750000000000002e-06,-9.453125000000001e-06
0.15454545454545454,1.2941176470588237e-06,-8.37370242214533e-06
0.16363636363636364,1.2222222222222221e-06,-7.469135802469135e-06
0.17272727272727273,1.1578947368421055e-06,-6.703601108033241e-06
0.18181818181818182,1.1e-06,-6.05e-06
0.19090909090909092,1.0476190476190476e-06,-5.4875283446712015e-06
0.2,1e-06,-4.9999999999999996e-06
0.2090909090909091,9.565217391304347e-07,-4.574669187145556e-06
0.2181818181818182,9.166666666666665e-07,-4.201388888888889e-06
0.22727272727272727,8.800000000000002e-07,-3.872e-06
0.23636363636363636,8.461538461538462e-07,-3.579881656804734e-06
0.24545454545454545,8.148148148148149e-07,-3.319615912208505e-06
0.2545454545454545,7.857142857142857e-07,-3.0867346938775524e-06
0.26363636363636367,7.586206896551723e-07,-2.8775267538644466e-06
0.2727272727272727,7.333333333333334e-07,-2.6888888888888892e-06
0.28181818181818186,7.096774193548386e-07,-2.5182101977107173e-06
0.2909090909090909,6.875000000000001e-07,-2.3632812500000003e-06
0.3,6.666666666666667e-07,-2.222222222222222e-06
0.3090909090909091,6.470588235294118e-07,-2.0934256055363325e-06
0.3181818181818182,6.285714285714286e-07,-1.9755102040816325e-06
0.32727272727272727,6.111111111111111e-07,-1.8672839506172838e-06
0.33636363636363636,5.945945945945947e-07,-1.7677136596055514e-06
0.34545454545454546,5.789473684210527e-07,-1.6759002770083102e-06
0.3545454545454545,5.641025641025642e-07,-1.5910585141354378e-06
0.36363636363636365,5.5e-07,-1.5125e-06
0.3727272727272727,5.365853658536586e-07,-1.4396192742415232e-06
0.38181818181818183,5.238095238095238e-07,-1.3718820861678004e-06
0.3909090909090909,5.116279069767443e-07,-1.3088155759870205e-06
0.4,5e-07,-1.2499999999999999e-06
0.40909090909090906,4.888888888888889e-07,-1.195061728395062e-06
0.4181818181818182,4.782608695652173e-07,-1.143667296786389e-06
0.42727272727272725,4.680851063829788e-07,-1.0955183340878226e-06
0.4363636363636364,4.5833333333333327e-07,-1.0503472222222222e-06
0.44545454545454544,4.4897959183673476e-07,-1.0079133694294044e-06
0.4545454545454546,4.3999999999999997e-07,-9.679999999999999e-07
0.4636363636363636,4.3137254901960787e-07,-9.304113802383699e-07
0.47272727272727266,4.2307692307692315e-07,-8.949704142011838e-07
0.4818181818181818,4.1509433962264154e-07,-8.615165539337843e-07
0.49090909090909085,4.074074074074075e-07,-8.299039780521264e-07
0.5,4.0000000000000003e-07,-8.000000000000001e-07
0.509090909090909,3.9285714285714286e-07,-7.716836734693881e-07
0.5181818181818182,3.8596491228070177e-07,-7.44844567559249e-07
0.5272727272727272,3.7931034482758624e-07,-7.19381688466112e-07
0.5363636363636364,3.728813559322034e-07,-6.952025280091927e-07
0.5454545454545454,3.666666666666667e-07,-6.722222222222223e-07
0.5545454545454546,3.60655737704918e-07,-6.503628056973932e-07
0.5636363636363636,3.548387096774194e-07,-6.295525494276795e-07
0.5727272727272728,3.4920634920634917e-07,-6.097253716301334e-07
0.5818181818181818,3.4375000000000004e-07,-5.908203125000001e-07
0.5909090909090909,3.3846153846153845e-07,-5.727810650887574e-07
0.6,3.3333333333333335e-07,-5.555555555555555e-07
0.609090909090909,3.2835820895522396e-07,-5.390955669414125e-07
0.6181818181818182,3.235294117647059e-07,-5.233564013840831e-07
0.6272727272727272,3.1884057971014496e-07,-5.082965763495066e-07
0.6363636363636364,3.142857142857143e-07,-4.938775510204081e-07
0.6454545454545454,3.0985915492957747e-07,-4.800634794683595e-07
0.6545454545454545,3.0555555555555553e-07,-4.6682098765432096e-07
0.6636363636363636,3.013698630136987e-07,-4.5411897166447746e-07
0.6727272727272727,2.972972972972973e-07,-4.4192841490138785e-07
0.6818181818181818,2.9333333333333337e-07,-4.302222222222223e-07
0.6909090909090908,2.8947368421052637e-07,-4.189750692520777e-07
0.7,2.8571428571428575e-07,-4.0816326530612253e-07
0.709090909090909,2.820512820512821e-07,-3.9776462853385944e-07
0.7181818181818181,2.784810126582279e-07,-3.877583720557604e-07
0.7272727272727272,2.7500000000000007e-07,-3.781250000000001e-07
0.7363636363636363,2.7160493827160497e-07,-3.6884621246761173e-07
0.7454545454545454,2.682926829268293e-07,-3.599048185603808e-07
0.7545454545454545,2.650602409638554e-07,-3.512846566990856e-07
0.7636363636363636,2.6190476190476194e-07,-3.429705215419502e-07
0.7727272727272727,2.588235294117647e-07,-3.349480968858132e-07
0.7818181818181817,2.5581395348837215e-07,-3.2720389399675513e-07
0.7909090909090909,2.5287356321839084e-07,-3.1972519487382746e-07
0.7999999999999999,2.5e-07,-3.125e-07
0.8090909090909091,2.4719101123595505e-07,-3.0551698017927034e-07
0.8181818181818181,2.4444444444444445e-07,-2.987654320987655e-07
0.8272727272727273,2.4175824175824175e-07,-2.922352372901824e-07
0.8363636363636363,2.391304347826087e-07,-2.8591682419659743e-07
0.8454545454545453,2.365591397849463e-07,-2.798011330789687e-07
0.8545454545454545,2.340425531914894e-07,-2.7387958352195566e-07
0.8636363636363635,2.315789473684211e-07,-2.6814404432132975e-07
0.8727272727272727,2.291666666666667e-07,-2.6258680555555554e-07
0.8818181818181817,2.2680412371134025e-07,-2.572005526623446e-07
0.8909090909090909,2.2448979591836738e-07,-2.519783423573511e-07
0.8999999999999999,2.2222222222222227e-07,-2.4691358024691365e-07
0.9090909090909091,2.2000000000000004e-07,-2.42e-07
0.9181818181818181,2.1782178217821783e-07,-2.372316439564749e-07
0.9272727272727272,2.1568627450980394e-07,-2.3260284505959248e-07
0.9363636363636363,2.1359223300970877e-07,-2.281082100103686e-07
0.9454545454545454,2.1153846153846155e-07,-2.2374260355029587e-07
0.9545454545454545,2.0952380952380955e-07,-2.1950113378684811e-07
0.9636363636363636,2.0754716981132077e-07,-2.1537913848344608e-07
0.9727272727272727,2.0560747663551403e-07,-2.1137217224211726e-07
0.9818181818181817,2.0370370370370374e-07,-2.074759945130316e-07
0.9909090909090909,2.0183486238532112e-07,-2.0368655837050756e-07
1.0,2.0000000000000002e-07,-2.0000000000000002e-07
