距离(r),磁矢势(A)
0.1,1e-06
0.1090909090909091,9.166666666666666e-07
0.1181818181818182,8.461538461538462e-07
0.1272727272727273,7.857142857142857e-07
0.13636363636363635,7.333333333333334e-07
0.14545454545454545,6.875000000000001e-07
0.15454545454545454,6.470588235294118e-07
0.16363636363636364,6.111111111111112e-07
0.17272727272727273,5.789473684210526e-07
0.18181818181818182,5.5e-07
0.19090909090909092,5.238095238095238e-07
0.2,5e-07
0.2090909090909091,4.782608695652174e-07
0.2181818181818182,4.583333333333333e-07
0.22727272727272727,4.400000000000001e-07
0.23636363636363636,4.2307692307692315e-07
0.24545454545454545,4.074074074074074e-07
0.2545454545454545,3.928571428571429e-07
0.26363636363636367,3.793103448275862e-07
0.2727272727272727,3.666666666666667e-07
0.28181818181818186,3.5483870967741936e-07
0.2909090909090909,3.4375000000000004e-07
0.3,3.3333333333333335e-07
0.3090909090909091,3.235294117647059e-07
0.3181818181818182,3.1428571428571433e-07
0.32727272727272727,3.055555555555556e-07
0.33636363636363636,2.972972972972973e-07
0.34545454545454546,2.894736842105263e-07
0.3545454545454545,2.8205128205128213e-07
0.36363636363636365,2.75e-07
0.3727272727272727,2.6829268292682934e-07
0.38181818181818183,2.619047619047619e-07
0.3909090909090909,2.5581395348837215e-07
0.4,2.5e-07
0.40909090909090906,2.444444444444445e-07
0.4181818181818182,2.391304347826087e-07
0.42727272727272725,2.340425531914894e-07
0.4363636363636364,2.2916666666666666e-07
0.44545454545454544,2.2448979591836738e-07
0.4545454545454546,2.2e-07
0.4636363636363636,2.1568627450980394e-07
0.47272727272727266,2.1153846153846157e-07
0.4818181818181818,2.0754716981132077e-07
0.49090909090909085,2.0370370370370374e-07
0.5,2.0000000000000002e-07
0.509090909090909,1.9642857142857146e-07
0.5181818181818182,1.9298245614035088e-07
0.5272727272727272,1.8965517241379315e-07
0.5363636363636364,1.864406779661017e-07
0.5454545454545454,1.8333333333333336e-07
0.5545454545454546,1.8032786885245904e-07
0.5636363636363636,1.774193548387097e-07
0.5727272727272728,1.746031746031746e-07
0.5818181818181818,1.7187500000000002e-07
0.5909090909090909,1.6923076923076923e-07
0.6,1.6666666666666668e-07
0.609090909090909,1.6417910447761198e-07
0.6181818181818182,1.6176470588235296e-07
0.6272727272727272,1.594202898550725e-07
0.6363636363636364,1.5714285714285717e-07
0.6454545454545454,1.5492957746478876e-07
0.6545454545454545,1.527777777777778e-07
0.6636363636363636,1.5068493150684934e-07
0.6727272727272727,1.4864864864864866e-07
0.6818181818181818,1.4666666666666668e-07
0.6909090909090908,1.4473684210526318e-07
0.7,1.4285714285714287e-07
0.709090909090909,1.4102564102564107e-07
0.7181818181818181,1.3924050632911394e-07
0.7272727272727272,1.3750000000000003e-07
0.7363636363636363,1.3580246913580248e-07
0.7454545454545454,1.3414634146341467e-07
0.7545454545454545,1.3253012048192773e-07
0.7636363636363636,1.3095238095238097e-07
0.7727272727272727,1.2941176470588236e-07
0.7818181818181817,1.2790697674418608e-07
0.7909090909090909,1.2643678160919542e-07
0.7999999999999999,1.2500000000000002e-07
0.8090909090909091,1.2359550561797755e-07
0.8181818181818181,1.2222222222222225e-07
0.8272727272727273,1.208791208791209e-07
0.8363636363636363,1.1956521739130436e-07
0.8454545454545453,1.1827956989247314e-07
0.8545454545454545,1.170212765957447e-07
0.8636363636363635,1.1578947368421054e-07
0.8727272727272727,1.1458333333333334e-07
0.8818181818181817,1.1340206185567012e-07
0.8909090909090909,1.1224489795918369e-07
0.8999999999999999,1.1111111111111114e-07
0.9090909090909091,1.1000000000000002e-07
0.9181818181818181,1.0891089108910893e-07
0.9272727272727272,1.0784313725490197e-07
0.9363636363636363,1.0679611650485438e-07
0.9454545454545454,1.0576923076923079e-07
0.9545454545454545,1.0476190476190478e-07
0.9636363636363636,1.0377358490566039e-07
0.9727272727272727,1.0280373831775703e-07
0.9818181818181817,1.0185185185185187e-07
0.9909090909090909,1.0091743119266056e-07
1.0,1.0000000000000001e-07
