时间(t),位置x,位置y,位置z,速度x,速度y,速度z,速度大小
0.0,0.0,0.0,0.0,299792458.0,0.0,0.0,299792458.0
0.10101010101010101,30282066.464646462,0.0,0.0,299792458.0,0.0,0.0,299792458.0
0.20202020202020202,60564132.929292925,0.0,0.0,299792458.0,0.0,0.0,299792458.0
0.30303030303030304,90846199.39393939,0.0,0.0,299792458.0,0.0,0.0,299792458.0
0.40404040404040403,121128265.85858585,0.0,0.0,299792458.0,0.0,0.0,299792458.0
0.5050505050505051,151410332.32323232,0.0,0.0,299792458.0,0.0,0.0,299792458.0
0.6060606060606061,181692398.78787878,0.0,0.0,299792458.0,0.0,0.0,299792458.0
0.7070707070707071,211974465.25252524,0.0,0.0,299792458.0,0.0,0.0,299792458.0
0.8080808080808081,242256531.7171717,0.0,0.0,299792458.0,0.0,0.0,299792458.0
0.9090909090909091,272538598.1818182,0.0,0.0,299792458.0,0.0,0.0,299792458.0
1.0101010101010102,302820664.64646465,0.0,0.0,299792458.0,0.0,0.0,299792458.0
1.1111111111111112,333102731.1111111,0.0,0.0,299792458.0,0.0,0.0,299792458.0
1.2121212121212122,363384797.57575756,0.0,0.0,299792458.0,0.0,0.0,299792458.0
1.3131313131313131,393666864.040404,0.0,0.0,299792458.0,0.0,0.0,299792458.0
1.4141414141414141,423948930.5050505,0.0,0.0,299792458.0,0.0,0.0,299792458.0
1.5151515151515151,454230996.96969694,0.0,0.0,299792458.0,0.0,0.0,299792458.0
1.6161616161616161,484513063.4343434,0.0,0.0,299792458.0,0.0,0.0,299792458.0
1.7171717171717171,514795129.89898986,0.0,0.0,299792458.0,0.0,0.0,299792458.0
1.8181818181818181,545077196.3636364,0.0,0.0,299792458.0,0.0,0.0,299792458.0
1.9191919191919191,575359262.8282828,0.0,0.0,299792458.0,0.0,0.0,299792458.0
2.0202020202020203,605641329.2929293,0.0,0.0,299792458.0,0.0,0.0,299792458.0
2.121212121212121,635923395.7575758,0.0,0.0,299792458.0,0.0,0.0,299792458.0
2.2222222222222223,666205462.2222222,0.0,0.0,299792458.0,0.0,0.0,299792458.0
2.323232323232323,696487528.6868687,0.0,0.0,299792458.0,0.0,0.0,299792458.0
2.4242424242424243,726769595.1515151,0.0,0.0,299792458.0,0.0,0.0,299792458.0
2.525252525252525,757051661.6161616,0.0,0.0,299792458.0,0.0,0.0,299792458.0
2.6262626262626263,787333728.080808,0.0,0.0,299792458.0,0.0,0.0,299792458.0
2.727272727272727,817615794.5454545,0.0,0.0,299792458.0,0.0,0.0,299792458.0
2.8282828282828283,847897861.010101,0.0,0.0,299792458.0,0.0,0.0,299792458.0
2.929292929292929,878179927.4747474,0.0,0.0,299792458.0,0.0,0.0,299792458.0
3.0303030303030303,908461993.9393939,0.0,0.0,299792458.0,0.0,0.0,299792458.0
3.131313131313131,938744060.4040403,0.0,0.0,299792458.0,0.0,0.0,299792458.0
3.2323232323232323,969026126.8686868,0.0,0.0,299792458.0,0.0,0.0,299792458.0
3.3333333333333335,999308193.3333334,0.0,0.0,299792458.0,0.0,0.0,299792458.0
3.4343434343434343,1029590259.7979797,0.0,0.0,299792458.0,0.0,0.0,299792458.0
3.5353535353535355,1059872326.2626263,0.0,0.0,299792458.0,0.0,0.0,299792458.0
3.6363636363636362,1090154392.7272727,0.0,0.0,299792458.0,0.0,0.0,299792458.0
3.7373737373737375,1120436459.1919193,0.0,0.0,299792458.0,0.0,0.0,299792458.0
3.8383838383838382,1150718525.6565657,0.0,0.0,299792458.0,0.0,0.0,299792458.0
3.9393939393939394,1181000592.1212122,0.0,0.0,299792458.0,0.0,0.0,299792458.0
4.040404040404041,1211282658.5858586,0.0,0.0,299792458.0,0.0,0.0,299792458.0
4.141414141414141,1241564725.050505,0.0,0.0,299792458.0,0.0,0.0,299792458.0
4.242424242424242,1271846791.5151515,0.0,0.0,299792458.0,0.0,0.0,299792458.0
4.343434343434343,1302128857.979798,0.0,0.0,299792458.0,0.0,0.0,299792458.0
4.444444444444445,1332410924.4444444,0.0,0.0,299792458.0,0.0,0.0,299792458.0
4.545454545454545,1362692990.9090908,0.0,0.0,299792458.0,0.0,0.0,299792458.0
4.646464646464646,1392975057.3737373,0.0,0.0,299792458.0,0.0,0.0,299792458.0
4.747474747474747,1423257123.838384,0.0,0.0,299792458.0,0.0,0.0,299792458.0
4.848484848484849,1453539190.3030303,0.0,0.0,299792458.0,0.0,0.0,299792458.0
4.94949494949495,1483821256.7676768,0.0,0.0,299792458.0,0.0,0.0,299792458.0
5.05050505050505,1514103323.2323232,0.0,0.0,299792458.0,0.0,0.0,299792458.0
5.151515151515151,1544385389.6969697,0.0,0.0,299792458.0,0.0,0.0,299792458.0
5.252525252525253,1574667456.161616,0.0,0.0,299792458.0,0.0,0.0,299792458.0
5.353535353535354,1604949522.6262627,0.0,0.0,299792458.0,0.0,0.0,299792458.0
5.454545454545454,1635231589.090909,0.0,0.0,299792458.0,0.0,0.0,299792458.0
5.555555555555555,1665513655.5555556,0.0,0.0,299792458.0,0.0,0.0,299792458.0
5.656565656565657,1695795722.020202,0.0,0.0,299792458.0,0.0,0.0,299792458.0
5.757575757575758,1726077788.4848485,0.0,0.0,299792458.0,0.0,0.0,299792458.0
5.858585858585858,1756359854.9494948,0.0,0.0,299792458.0,0.0,0.0,299792458.0
5.959595959595959,1786641921.4141414,0.0,0.0,299792458.0,0.0,0.0,299792458.0
6.0606060606060606,1816923987.8787878,0.0,0.0,299792458.0,0.0,0.0,299792458.0
6.161616161616162,1847206054.3434343,0.0,0.0,299792458.0,0.0,0.0,299792458.0
6.262626262626262,1877488120.8080807,0.0,0.0,299792458.0,0.0,0.0,299792458.0
6.363636363636363,1907770187.2727273,0.0,0.0,299792458.0,0.0,0.0,299792458.0
6.4646464646464645,1938052253.7373736,0.0,0.0,299792458.0,0.0,0.0,299792458.0
6.565656565656566,1968334320.2020202,0.0,0.0,299792458.0,0.0,0.0,299792458.0
6.666666666666667,1998616386.6666667,0.0,0.0,299792458.0,0.0,0.0,299792458.0
6.767676767676767,2028898453.131313,0.0,0.0,299792458.0,0.0,0.0,299792458.0
6.8686868686868685,2059180519.5959594,0.0,0.0,299792458.0,0.0,0.0,299792458.0
6.96969696969697,2089462586.060606,0.0,0.0,299792458.0,0.0,0.0,299792458.0
7.070707070707071,2119744652.5252526,0.0,0.0,299792458.0,0.0,0.0,299792458.0
7.171717171717171,2150026718.9898987,0.0,0.0,299792458.0,0.0,0.0,299792458.0
7.2727272727272725,2180308785.4545455,0.0,0.0,299792458.0,0.0,0.0,299792458.0
7.373737373737374,2210590851.919192,0.0,0.0,299792458.0,0.0,0.0,299792458.0
7.474747474747475,2240872918.3838387,0.0,0.0,299792458.0,0.0,0.0,299792458.0
7.575757575757575,2271154984.8484845,0.0,0.0,299792458.0,0.0,0.0,299792458.0
7.6767676767676765,2301437051.3131313,0.0,0.0,299792458.0,0.0,0.0,299792458.0
7.777777777777778,2331719117.7777777,0.0,0.0,299792458.0,0.0,0.0,299792458.0
7.878787878787879,2362001184.2424245,0.0,0.0,299792458.0,0.0,0.0,299792458.0
7.979797979797979,2392283250.7070704,0.0,0.0,299792458.0,0.0,0.0,299792458.0
8.080808080808081,2422565317.171717,0.0,0.0,299792458.0,0.0,0.0,299792458.0
8.181818181818182,2452847383.6363635,0.0,0.0,299792458.0,0.0,0.0,299792458.0
8.282828282828282,2483129450.10101,0.0,0.0,299792458.0,0.0,0.0,299792458.0
8.383838383838384,2513411516.5656567,0.0,0.0,299792458.0,0.0,0.0,299792458.0
8.484848484848484,2543693583.030303,0.0,0.0,299792458.0,0.0,0.0,299792458.0
8.585858585858587,2573975649.49495,0.0,0.0,299792458.0,0.0,0.0,299792458.0
8.686868686868687,2604257715.959596,0.0,0.0,299792458.0,0.0,0.0,299792458.0
8.787878787878787,2634539782.424242,0.0,0.0,299792458.0,0.0,0.0,299792458.0
8.88888888888889,2664821848.888889,0.0,0.0,299792458.0,0.0,0.0,299792458.0
8.98989898989899,2695103915.353535,0.0,0.0,299792458.0,0.0,0.0,299792458.0
9.09090909090909,2725385981.8181815,0.0,0.0,299792458.0,0.0,0.0,299792458.0
9.191919191919192,2755668048.2828283,0.0,0.0,299792458.0,0.0,0.0,299792458.0
9.292929292929292,2785950114.7474747,0.0,0.0,299792458.0,0.0,0.0,299792458.0
9.393939393939394,2816232181.2121215,0.0,0.0,299792458.0,0.0,0.0,299792458.0
9.494949494949495,2846514247.676768,0.0,0.0,299792458.0,0.0,0.0,299792458.0
9.595959595959595,2876796314.1414137,0.0,0.0,299792458.0,0.0,0.0,299792458.0
9.696969696969697,2907078380.6060605,0.0,0.0,299792458.0,0.0,0.0,299792458.0
9.797979797979798,2937360447.070707,0.0,0.0,299792458.0,0.0,0.0,299792458.0
9.8989898989899,2967642513.5353537,0.0,0.0,299792458.0,0.0,0.0,299792458.0
10.0,2997924580.0,0.0,0.0,299792458.0,0.0,0.0,299792458.0
