时间(t),磁场(B),磁场变化率(dB/dt),电场(E)
0.0,0.0,0.9983003605552356,-0.9983003605552356
0.10101010101010101,0.1008384202581046,0.9932118397872928,-0.9932118397872928
0.20202020202020202,0.2006488565226854,0.9779981517382055,-0.9779981517382055
0.30303030303030304,0.2984138044476411,0.95281439034694,-0.95281439034694
0.40404040404040403,0.3931366121483298,0.9179172881519533,-0.9179172881519533
0.5050505050505051,0.48385164043793466,0.8736625990651472,-0.8736625990651472
0.6060606060606061,0.5696341069089657,0.8205014716854708,-0.8205014716854708
0.7070707070707071,0.6496095135057065,0.7589758501239499,-0.7589758501239499
0.8080808080808081,0.7229625614794605,0.6897129492258269,-0.6897129492258269
0.9090909090909091,0.7889454628442574,0.6134188605114392,-0.6134188605114392
1.0101010101010102,0.8468855636029834,0.5308713540192085,-0.5308713540192085
1.1111111111111112,0.8961922010299563,0.4429119494314415,-0.4429119494314415
1.2121212121212122,0.9363627251042848,0.3504373373127496,-0.3504373373127496
1.3131313131313131,0.9669876227092996,0.25439023791620574,-0.25439023791620574
1.4141414141414141,0.9877546923600838,0.15574979074589468,-0.15574979074589468
1.5151515151515151,0.9984522269003895,0.055521572848200584,-0.055521572848200584
1.6161616161616161,0.9989711717233568,-0.04527265241094369,0.04527265241094369
1.7171717171717171,0.9893062365143401,-0.14560535157811394,0.14560535157811394
1.8181818181818181,0.9695559491823237,-0.24445369616683443,0.24445369616683443
1.9191919191919191,0.9399216514301312,-0.34080998974787224,0.34080998974787224
2.0202020202020203,0.9007054462029555,-0.4336919407777584,0.4336919407777584
2.121212121212121,0.8523071179396752,-0.5221526764405353,0.5221526764405353
2.2222222222222223,0.7952200570230491,-0.6052903954179834,0.6052903954179834
2.323232323232323,0.7300262299764464,-0.682257561184354,0.682257561184354
2.4242424242424243,0.6573902466827755,-0.7522695421058727,0.7522695421058727
2.525252525252525,0.5780525851065732,-0.8146126102645663,0.8146126102645663
2.6262626262626263,0.4928220425889235,-0.8686512174635299,0.8686512174635299
2.727272727272727,0.40256749066949654,-0.9138344742392908,0.9138344742392908
2.8282828282828283,0.30820901749007684,-0.9497017658319036,0.9497017658319036
2.929292929292929,0.2107085480771929,-0.9758874478614383,0.9758874478614383
3.0303030303030303,0.11106003812412972,-0.9921245738414584,0.9921245738414584
3.131313131313131,0.010279341240534697,-0.9982476165298106,0.9982476165298106
3.2323232323232323,-0.09060614703340773,-0.9941941553742975,0.9941941553742975
3.3333333333333335,-0.19056796287548539,-0.9800055128507724,0.9800055128507724
3.4343434343434343,-0.28858705872043244,-0.955826333206604,0.955826333206604
3.5353535353535355,-0.38366419180611233,-0.9219031079039446,0.9219031079039446
3.6363636363636362,-0.47483011082223947,-0.8785816627949934,0.8785816627949934
3.7373737373737375,-0.5611554368152017,-0.8263036326458835,0.8263036326458835
3.8383838383838382,-0.6417601376193878,-0.7656019589492433,0.7656019589492433
3.9393939393939394,-0.7158224992291902,-0.6970954569223298,0.6970954569223298
4.040404040404041,-0.7825875026542022,-0.6214825070768168,0.6214825070768168
4.141414141414141,-0.8413745208608701,-0.5395339356706446,0.5395339356706446
4.242424242424242,-0.8915842573351402,-0.45208515662126914,0.45208515662126914
4.343434343434343,-0.9327048555318336,-0.36002765498850664,0.36002765498850664
4.444444444444445,-0.9643171169287782,-0.2642998988475256,0.2642998988475256
4.545454545454545,-0.9860987744909296,-0.16587777219965094,0.16587777219965094
4.646464646464646,-0.9978277779792126,-0.06576462645145487,0.06576462645145487
4.747474747474747,-0.9993845576124357,0.03501894811900019,-0.03501894811900019
4.848484848484849,-0.9907532430056771,0.1354455266353316,-0.1354455266353316
4.94949494949495,-0.9720218249588334,0.23449132357040448,-0.23449132357040448
5.05050505050505,-0.9433812584459996,0.3311466295930492,-0.3311466295930492
5.151515151515151,-0.9051235159501367,0.42442610491684096,-0.42442610491684096
5.252525252525253,-0.8576386109880517,0.513378824216776,-0.513378824216776
5.353535353535354,-0.8014106221689696,0.597097970712237,-0.597097970712237
5.454545454545454,-0.7370127583189133,0.6747300805912304,-0.6747300805912304
5.555555555555555,-0.6651015149788224,0.7454837435348063,-0.7454837435348063
5.656565656565657,-0.586409981847235,0.8086376706453087,-0.8086376706453087
5.757575757575758,-0.5017403693939113,0.8635480475310446,-0.8635480475310446
5.858585858585858,-0.4119558308308628,0.9096550975873006,-0.9096550975873006
5.959595959595959,-0.31797166281061867,0.9464887885652056,-0.9464887885652056
6.0606060606060606,-0.22074597455506334,0.9736736242535851,-0.9736736242535851
6.161616161616162,-0.12126992053716677,0.9909324724256288,-0.9909324724256288
6.262626262626262,-0.020557596287260064,0.9980893900268724,-0.9980893900268724
6.363636363636363,0.08036429967028173,0.9950714168034945,-0.9950714168034945
6.4646464646464645,0.18046693235991093,0.9819093190860119,-0.9819093190860119
6.565656565656566,0.27872981867755725,0.9587372761459779,-0.9587372761459779
6.666666666666667,0.37415123057121996,0.9257915123230696,-0.9257915123230696
6.767676767676767,0.4657584070256517,0.8834078888671728,-0.8834078888671728
6.8686868686868685,0.5526174707464059,0.832018480045106,-0.832018480045106
6.96969696969697,0.6338429484489058,0.7721471684164194,-0.7721471684164194
7.070707070707071,0.7086067976992182,0.7044043041816415,-0.7044043041816415
7.171717171717171,0.7761468482835805,0.6294804830475536,-0.6294804830475536
7.2727272727272725,0.8357745720522589,0.5481395060402159,-0.5481395060402159
7.373737373737374,0.8868821020290788,0.46121059303601086,-0.46121059303601086
7.474747474747475,0.9289484292312513,0.3695799293888369,-0.3695799293888369
7.575757575757575,0.9615447140268235,0.2741816318302339,-0.2741816318302339
7.6767676767676765,0.9843386578838236,0.17598822573940343,-0.17598822573940343
7.777777777777778,0.9970978909438748,0.07600073086132664,-0.07600073086132664
7.878787878787879,0.9996923408861117,-0.024761543457183066,0.024761543457183066
7.979797979797979,0.9920955589323228,-0.12527138948235006,0.12527138948235006
8.080808080808081,0.9743849894755358,-0.22450417282739465,0.22450417282739465
8.181818181818182,0.9467411805833543,-0.3214482779528147,0.3214482779528147
8.282828282828282,0.9094459434244625,-0.41511542094777365,0.41511542094777365
8.383838383838384,0.8628794793817836,-0.5045507244602545,0.5045507244602545
8.484848484848484,0.8075165041395626,-0.5888424520684468,0.5888424520684468
8.585858585858587,0.7439214082568444,-0.6671313028576238,0.6671313028576238
8.686868686868687,0.6727425035622647,-0.738619171450122,0.738619171450122
8.787878787878787,0.5947054140244975,-0.8025772841855074,0.8025772841855074
8.88888888888889,0.510605678474283,-0.8583536285076572,0.8583536285076572
8.98989898989899,0.4213006405886069,-0.9053795998208825,0.9053795998208825
9.09090909090909,0.32770070881349983,-0.9431757980545958,0.9431757980545958
9.191919191919192,0.23076007532505177,-0.9713569148441782,0.9713569148441782
9.292929292929292,0.13146698864295842,-0.9896356615063563,0.9896356615063563
9.393939393939394,0.03083367906114098,-0.9978256977658435,0.9978256977658435
9.494949494949495,-0.07011396040064677,-0.9958435313767322,0.9958435313767322
9.595959595959595,-0.1703468323280965,-0.9837093692731977,0.9837093692731977
9.696969696969697,-0.26884312591038406,-0.961546911572569,0.961546911572569
9.797979797979798,-0.3645987336558887,-0.9295820905307777,0.9295820905307777
9.8989898989899,-0.45663748763377376,-0.8881407673057291,0.8881407673057291
10.0,-0.5440211108893698,-0.8650978702304063,0.8650978702304063
