引力场(A),电场(E),乘积(A·E),理论值(k)
0.1,10.0,1.0,1.0
0.2,5.0,1.0,1.0
0.30000000000000004,3.333333333333333,1.0,1.0
0.4,2.5,1.0,1.0
0.5,2.0,1.0,1.0
0.6,1.6666666666666667,1.0,1.0
0.7000000000000001,1.4285714285714284,1.0,1.0
0.8,1.25,1.0,1.0
0.9,1.1111111111111112,1.0,1.0
1.0,1.0,1.0,1.0
1.1,0.9090909090909091,1.0,1.0
1.2000000000000002,0.8333333333333333,1.0,1.0
1.3000000000000003,0.769230769230769,1.0,1.0
1.4000000000000001,0.7142857142857142,1.0,1.0
1.5000000000000002,0.6666666666666665,0.9999999999999999,1.0
1.6,0.625,1.0,1.0
1.7000000000000002,0.588235294117647,1.0,1.0
1.8000000000000003,0.5555555555555555,1.0,1.0
1.9000000000000001,0.5263157894736842,1.0,1.0
2.0,0.5,1.0,1.0
2.1,0.47619047619047616,1.0,1.0
2.2,0.45454545454545453,1.0,1.0
2.3000000000000003,0.4347826086956521,1.0,1.0
2.4000000000000004,0.41666666666666663,1.0,1.0
2.5000000000000004,0.3999999999999999,1.0,1.0
2.6,0.3846153846153846,1.0,1.0
2.7,0.37037037037037035,1.0,1.0
2.8000000000000003,0.3571428571428571,1.0,1.0
2.9000000000000004,0.3448275862068965,1.0,1.0
3.0000000000000004,0.33333333333333326,0.9999999999999999,1.0
3.1,0.3225806451612903,1.0,1.0
3.2,0.3125,1.0,1.0
3.3000000000000003,0.303030303030303,0.9999999999999999,1.0
3.4000000000000004,0.2941176470588235,1.0,1.0
3.5000000000000004,0.2857142857142857,1.0,1.0
3.6,0.2777777777777778,1.0,1.0
3.7,0.27027027027027023,0.9999999999999999,1.0
3.8000000000000003,0.2631578947368421,1.0,1.0
3.9000000000000004,0.2564102564102564,1.0,1.0
4.0,0.25,1.0,1.0
4.1,0.24390243902439027,1.0,1.0
4.2,0.23809523809523808,1.0,1.0
4.3,0.23255813953488372,1.0,1.0
4.3999999999999995,0.2272727272727273,1.0,1.0
4.5,0.2222222222222222,1.0,1.0
4.6,0.2173913043478261,1.0,1.0
4.7,0.2127659574468085,1.0,1.0
4.8,0.20833333333333334,1.0,1.0
4.9,0.2040816326530612,1.0,1.0
5.0,0.2,1.0,1.0
5.1,0.19607843137254904,1.0,1.0
5.2,0.1923076923076923,1.0,1.0
5.3,0.18867924528301888,1.0,1.0
5.4,0.18518518518518517,1.0,1.0
5.5,0.18181818181818182,1.0,1.0
5.6,0.17857142857142858,1.0,1.0
5.7,0.17543859649122806,1.0,1.0
5.8,0.1724137931034483,1.0,1.0
5.9,0.1694915254237288,1.0,1.0
6.0,0.16666666666666666,1.0,1.0
6.1,0.1639344262295082,1.0,1.0
6.2,0.16129032258064516,1.0,1.0
6.3,0.15873015873015872,0.9999999999999999,1.0
6.4,0.15625,1.0,1.0
6.5,0.15384615384615385,1.0,1.0
6.6,0.15151515151515152,1.0,1.0
6.7,0.14925373134328357,0.9999999999999999,1.0
6.8,0.14705882352941177,1.0,1.0
6.9,0.14492753623188406,1.0,1.0
7.0,0.14285714285714285,1.0,1.0
7.1,0.14084507042253522,1.0,1.0
7.2,0.1388888888888889,1.0,1.0
7.3,0.136986301369863,0.9999999999999999,1.0
7.4,0.13513513513513511,0.9999999999999999,1.0
7.5,0.13333333333333333,1.0,1.0
7.6,0.13157894736842105,0.9999999999999999,1.0
7.7,0.12987012987012986,0.9999999999999999,1.0
7.8,0.12820512820512822,1.0,1.0
7.9,0.12658227848101264,0.9999999999999999,1.0
8.0,0.125,1.0,1.0
8.1,0.1234567901234568,1.0,1.0
8.2,0.12195121951219513,1.0,1.0
8.3,0.12048192771084336,1.0,1.0
8.4,0.11904761904761904,1.0,1.0
8.5,0.11764705882352941,1.0,1.0
8.6,0.11627906976744186,1.0,1.0
8.7,0.1149425287356322,1.0,1.0
8.8,0.11363636363636363,1.0,1.0
8.9,0.11235955056179775,1.0,1.0
9.0,0.1111111111111111,1.0,1.0
9.1,0.10989010989010989,0.9999999999999999,1.0
9.2,0.10869565217391305,1.0,1.0
9.3,0.1075268817204301,1.0,1.0
9.4,0.10638297872340426,1.0,1.0
9.5,0.10526315789473684,1.0,1.0
9.6,0.10416666666666667,1.0,1.0
9.700000000000001,0.10309278350515463,1.0,1.0
9.8,0.1020408163265306,1.0,1.0
9.9,0.10101010101010101,1.0,1.0
10.0,0.1,1.0,1.0
