距离(r),质量(m),理论导数,数值导数,误差百分比
1.0,6.67e-11,-1.334e-10,-1.1718819444444444e-10,12.152777777777779
1.0909090909090908,5.604652777777779e-11,-1.0275196759259263e-10,-1.0419408284023684e-10,1.4034916132819364
1.1818181818181819,4.775562130177514e-11,-8.081720527992717e-11,-8.178217828798198e-11,1.1940192743765716
1.2727272727272727,4.1177040816326534e-11,-6.470677842565598e-11,-6.537213938198555e-11,1.0282708744247349
1.3636363636363638,3.5869777777777776e-11,-5.260900740740739e-11,-5.3079779177295974e-11,0.8948501275511569
1.4545454545454546,3.1526171875e-11,-4.3348486328125e-11,-4.3689141099577096e-11,0.7858515955402006
1.5454545454545454,2.7926297577854675e-11,-3.613991451251781e-11,-3.63913218557099e-11,0.6956500771605563
1.6363636363636362,2.490956790123457e-11,-3.044502743484226e-11,-3.0633833354101006e-11,0.6201535527035639
1.7272727272727273,2.235650969529086e-11,-2.5886484910336782e-11,-2.603049845679018e-11,0.5563271604940573
1.8181818181818183,2.0176749999999996e-11,-2.2194424999999992e-11,-2.230581466196824e-11,0.5018812695902215
1.9090909090909092,1.8300907029478456e-11,-1.9172378792786953e-11,-1.9259624999999997e-11,0.4550619834710742
2.0,1.6675e-11,-1.6675e-11,-1.6744119096914117e-11,0.4145073278207916
2.090909090909091,1.5256521739130438e-11,-1.459319470699433e-11,-1.4648524305555555e-11,0.37914657943066354
2.1818181818181817,1.4011631944444447e-11,-1.2843995949074079e-11,-1.28887095652174e-11,0.34812854442346836
2.2727272727272725,1.2913120000000003e-11,-1.1363545600000003e-11,-1.1399996404503656e-11,0.32076964168342903
2.3636363636363638,1.1938905325443784e-11,-1.0102150659990896e-11,-1.0132105130315531e-11,0.2965157750346051
2.4545454545454546,1.1070919067215363e-11,-9.020748869582888e-12,-9.045548167491837e-12,0.2749139596665832
2.5454545454545454,1.0294260204081633e-11,-8.088347303206997e-12,-8.109020386925892e-12,0.25559095009060173
2.6363636363636367,9.59655172413793e-12,-7.280142687277049e-12,-7.297486678004549e-12,0.23823696145145987
2.7272727272727275,8.967444444444444e-12,-6.576125925925924e-12,-6.590763931249779e-12,0.22259314205261707
2.8181818181818183,8.398231009365243e-12,-5.960034909872108e-12,-5.972458116319446e-12,0.20844184027782126
2.909090909090909,7.88154296875e-12,-5.418560791015625e-12,-5.4291594403977275e-12,0.19559897527911646
3.0,7.411111111111112e-12,-4.94074074074074e-12,-4.949827158574828e-12,0.1839080071367091
3.090909090909091,6.981574394463669e-12,-4.5174893140647264e-12,-4.52531519274377e-12,0.1732351342742233
3.1818181818181817,6.588326530612245e-12,-4.141233819241982e-12,-4.148003305352656e-12,0.16346544064282287
3.272727272727273,6.227391975308641e-12,-3.8056284293552805e-12,-3.811508117052529e-12,0.15449978384371418
3.3636363636363638,5.895325054784513e-12,-3.505328410952954e-12,-3.510455033172597e-12,0.1462522656543087
3.4545454545454546,5.589127423822715e-12,-3.2358106137920978e-12,-3.2402970057855687e-12,0.13864816359611482
3.5454545454545454,5.306180144641683e-12,-2.993229825182488e-12,-2.997169581024931e-12,0.131622229916911
3.6363636363636362,5.044187500000001e-12,-2.7743031250000006e-12,-2.77777425775413e-12,0.12511728523281757
3.7272727272727275,4.801130279595478e-12,-2.5762162475878173e-12,-2.579284084467129e-12,0.11908304988699574
3.8181818181818183,4.575226757369614e-12,-2.396547349098369e-12,-2.399266835233219e-12,0.11347516817779213
3.909090909090909,4.3648999459167114e-12,-2.233204623492271e-12,-2.2356221655328793e-12,0.10825438991020912
4.0,4.16875e-12,-2.084375e-12,-2.086529949455495e-12,0.10338588092329878
4.090909090909091,3.985530864197531e-12,-1.9484817558299043e-12,-1.95040760869565e-12,0.09883863987863505
4.181818181818182,3.814130434782609e-12,-1.8241493383742912e-12,-1.8258747100805404e-12,0.09458500299031777
4.272727272727273,3.6535536441828875e-12,-1.710174046213266e-12,-1.7117234676932385e-12,0.09060022185480328
4.363636363636363,3.5029079861111118e-12,-1.6054994936342598e-12,-1.606894064247035e-12,0.08686210231175294
4.454545454545455,3.361391087047063e-12,-1.509195998266028e-12,-1.5104539236111114e-12,0.08335069444449766
4.545454545454545,3.228280000000001e-12,-1.4204432000000004e-12,-1.4215802367365517e-12,0.08004802561280241
4.636363636363637,3.102921953094963e-12,-1.3385153523154742e-12,-1.3395451775148027e-12,0.0769378698232325
4.7272727272727275,2.984726331360946e-12,-1.262768832498862e-12,-1.2637033514918607e-12,0.07400554788396288
4.818181818181818,2.8731577073691705e-12,-1.1926315011721085e-12,-1.1934811050640802e-12,0.07123775375182946
4.909090909090909,2.7677297668038407e-12,-1.127593608697861e-12,-1.1283673905304389e-12,0.06862240319643347
5.0,2.668e-12,-1.0672e-12,-1.0679059368088792e-12,0.06614850158164078
5.090909090909091,2.5735650510204083e-12,-1.0110434129008747e-12,-1.0116885195444755e-12,0.06380602804679972
5.181818181818182,2.4840566328100954e-12,-9.58758700382844e-13,-9.593491599225917e-13,0.06158583379863636
5.2727272727272725,2.3991379310344827e-12,-9.100178359096315e-13,-9.10559110446907e-13,0.05947955258859826
5.363636363636363,2.318500430910658e-12,-8.645255844073641e-13,-8.650225095785454e-13,0.057479521733528154
5.454545454545455,2.241861111111111e-12,-8.220157407407405e-13,-8.224726065041864e-13,0.05557871228040182
5.545454545454546,2.168959957000806e-12,-7.822478533445529e-13,-7.826684732339017e-13,0.05377066712939877
5.636363636363637,2.099557752341311e-12,-7.450043637340135e-13,-7.453921343787115e-13,0.05204944609378392
5.7272727272727275,2.033434114386495e-12,-7.100881034365538e-13,-7.104460558459596e-13,0.050409577019169566
5.818181818181818,1.9703857421875e-12,-6.773200988769531e-13,-6.776509427351893e-13,0.04884601221560752
5.909090909090909,1.910224852071006e-12,-6.465376422394174e-13,-6.468438042534722e-13,0.047354089546030535
6.0,1.852777777777778e-12,-6.175925925925925e-13,-6.178762497676775e-13,0.045929497614955336
6.090909090909091,1.7978837157496103e-12,-5.903498768133048e-13,-5.906129853902348e-13,0.04456824457222181
6.181818181818182,1.7453935986159172e-12,-5.646861642580908e-13,-5.64930484932036e-13,0.04326663010527951
6.2727272727272725,1.6951690821256038e-12,-5.404886928516419e-13,-5.407158127957099e-13,0.042021220253430164
6.363636363636364,1.647081632653061e-12,-5.176542274052477e-13,-5.178655795424403e-13,0.04082882472572508
6.454545454545455,1.6010117040269784e-12,-4.960881336421623e-13,-4.962850135424539e-13,0.039686476442434976
6.545454545454546,1.5568479938271603e-12,-4.757035536694101e-13,-4.758871343927067e-13,0.038591413051375784
6.636363636363637,1.5144867705010318e-12,-4.564206705619548e-13,-4.565920157206761e-13,0.03754106020448024
6.7272727272727275,1.4738312636961283e-12,-4.3816605136911925e-13,-4.383261266445655e-13,0.03653301640920845
6.818181818181818,1.4347911111111109e-12,-4.2087205925925927e-13,-4.2102174257247306e-13,0.035565039284679224
6.909090909090909,1.3972818559556787e-12,-4.044763267240122e-13,-4.0461641723355867e-13,0.03463503307624612
7.0,1.3612244897959184e-12,-3.889212827988338e-13,-3.890525088739191e-13,0.03374103729704749
7.090909090909091,1.3265450361604208e-12,-3.74153728147811e-13,-3.7427675444476817e-13,0.0328812163829577
7.181818181818182,1.2931741708059607e-12,-3.6012445262950804e-13,-3.602398863823136e-13,0.03205385026279737
7.2727272727272725,1.2610468750000002e-12,-3.4678789062500007e-13,-3.468962872456183e-13,0.031257325745384056
7.363636363636364,1.2301021185794847e-12,-3.341018099845514e-13,-3.3420367805621883e-13,0.030490128644369563
7.454545454545455,1.2002825698988695e-12,-3.2202703094847716e-13,-3.2212283668419107e-13,0.029750836577825804
7.545454545454546,1.17153433009145e-12,-3.1052717183146863e-13,-3.106173430605634e-13,0.029038112369669192
7.636363636363637,1.1438066893424035e-12,-2.9956841863729614e-13,-2.9965334837494755e-13,0.028350697993383037
7.7272727272727275,1.1170519031141868e-12,-2.8911931610014245e-13,-2.891993657477413e-13,0.027687409018058228
7.818181818181818,1.0912249864791779e-12,-2.791505779365339e-13,-2.7922608015484833e-13,0.027047129499981476
7.909090909090909,1.0662835249042145e-12,-2.696349143435945e-13,-2.697061756354785e-13,0.02642880728465958
8.0,1.0421875e-12,-2.60546875e-13,-2.606141780349133e-13,0.02583144968187528
8.09090909090909,1.0188991288978666e-12,-2.5186270601969744e-13,-2.519263117283952e-13,0.025254119477606134
8.181818181818182,9.963827160493827e-13,-2.4356021947873804e-13,-2.4362036894309733e-13,0.024695931251837135
8.272727272727273,9.74604516362758e-13,-2.356186742855019e-13,-2.356755904455173e-13,0.024156047982187616
8.363636363636363,9.535326086956523e-13,-2.280186672967864e-13,-2.2807255649418743e-13,0.023633677908873794
8.454545454545455,9.331367788183604e-13,-2.2074203369896694e-13,-2.207930870746178e-13,0.02312807162068716
8.545454545454547,9.133884110457219e-13,-2.1377175577665825e-13,-2.1382015053699403e-13,0.02263851936845231
8.636363636363637,8.942603878116342e-13,-2.0709187928269423e-13,-2.071377798486918e-13,0.022164348576368002
8.727272727272727,8.757269965277779e-13,-2.0068743670428248e-13,-2.0073099575493337e-13,0.021704921526840754
8.818181818181818,8.577638431289191e-13,-1.94544376792126e-13,-1.9458573621306698e-13,0.021259633212208123
8.90909090909091,8.403477717617658e-13,-1.886494997832535e-13,-1.8868879153004284e-13,0.020827909342176473
9.0,8.234567901234568e-13,-1.8299039780521262e-13,-1.8302774468971306e-13,0.020409204498364177
9.090909090909092,8.070699999999998e-13,-1.7755539999999995e-13,-1.7759091640737248e-13,0.020003000400176378
9.181818181818182,7.911675325948436e-13,-1.723335219513521e-13,-1.7236731449442486e-13,0.019608804305823374
9.272727272727273,7.757304882737408e-13,-1.6731441903943427e-13,-1.6734658715645462e-13,0.019226147516172087
9.363636363636363,7.607408803845792e-13,-1.62488343383114e-13,-1.6251897988427358e-13,0.018854583979202644
9.454545454545455,7.461815828402365e-13,-1.5784610406235775e-13,-1.5787529562992464e-13,0.01849368898922059
9.545454545454545,7.320362811791384e-13,-1.5337903034229567e-13,-1.5340685798869157e-13,0.01814305797461297
9.636363636363637,7.182894268422926e-13,-1.4907893764651356e-13,-1.4910547713422544e-13,0.017802305363086798
9.727272727272727,7.049261944274611e-13,-1.44938096050506e-13,-1.4496341827732848e-13,0.017471063517799795
9.818181818181818,6.919324417009602e-13,-1.4094920108723262e-13,-1.4097337244000213e-13,0.017148981748783418
9.90909090909091,6.792946721656425e-13,-1.3710534667563425e-13,-1.3712842935528123e-13,0.016835725379546255
10.0,6.67e-13,-1.334e-13,-1.3524139382206787e-13,1.3803551889564285
