速度(v),速度比(v/c),电荷(e),理论电荷
0.1,3.3356409519815207e-10,3.3356409519815207e-10,3.3356409519815207e-10
2725386.0808080807,0.009090909421103851,0.009090909421103851,0.009090909421103851
5450772.061616161,0.018181818508643605,0.018181818508643605,0.018181818508643605
8176158.042424241,0.02727272759618336,0.02727272759618336,0.02727272759618336
10901544.023232322,0.03636363668372312,0.03636363668372312,0.03636363668372312
13626930.004040403,0.04545454577126288,0.04545454577126288,0.04545454577126288
16352315.984848483,0.054545454858802626,0.054545454858802626,0.054545454858802626
19077701.965656567,0.0636363639463424,0.0636363639463424,0.0636363639463424
21803087.946464647,0.07272727303388214,0.07272727303388214,0.07272727303388214
24528473.927272726,0.0818181821214219,0.0818181821214219,0.0818181821214219
27253859.90808081,0.09090909120896166,0.09090909120896166,0.09090909120896166
29979245.888888888,0.10000000029650141,0.10000000029650141,0.10000000029650141
32704631.869696967,0.10909090938404116,0.10909090938404116,0.10909090938404116
35430017.85050505,0.11818181847158092,0.11818181847158092,0.11818181847158092
38155403.83131313,0.1272727275591207,0.1272727275591207,0.1272727275591207
40880789.81212121,0.13636363664666046,0.13636363664666046,0.13636363664666046
43606175.79292929,0.1454545457342002,0.1454545457342002,0.1454545457342002
46331561.77373737,0.15454545482173995,0.15454545482173995,0.15454545482173995
49056947.75454545,0.1636363639092797,0.1636363639092797,0.1636363639092797
51782333.73535354,0.17272727299681948,0.17272727299681948,0.17272727299681948
54507719.716161616,0.18181818208435924,0.18181818208435924,0.18181818208435924
57233105.696969695,0.19090909117189897,0.19090909117189897,0.19090909117189897
59958491.677777775,0.20000000025943873,0.20000000025943873,0.20000000025943873
62683877.658585854,0.2090909093469785,0.2090909093469785,0.2090909093469785
65409263.63939393,0.21818181843451823,0.21818181843451823,0.21818181843451823
68134649.620202,0.22727272752205796,0.22727272752205796,0.22727272752205796
70860035.60101008,0.23636363660959772,0.23636363660959772,0.23636363660959772
73585421.58181818,0.2454545456971375,0.2454545456971375,0.2454545456971375
76310807.56262626,0.25454545478467727,0.25454545478467727,0.25454545478467727
79036193.54343434,0.263636363872217,0.263636363872217,0.263636363872217
81761579.52424242,0.27272727295975674,0.27272727295975674,0.27272727295975674
84486965.5050505,0.28181818204729653,0.28181818204729653,0.28181818204729653
87212351.48585857,0.29090909113483626,0.29090909113483626,0.29090909113483626
89937737.46666665,0.300000000222376,0.300000000222376,0.300000000222376
92663123.44747473,0.3090909093099158,0.3090909093099158,0.3090909093099158
95388509.42828281,0.3181818183974555,0.3181818183974555,0.3181818183974555
98113895.40909089,0.32727272748499525,0.32727272748499525,0.32727272748499525
100839281.38989897,0.33636363657253504,0.33636363657253504,0.33636363657253504
103564667.37070706,0.34545454566007483,0.34545454566007483,0.34545454566007483
106290053.35151514,0.35454545474761456,0.35454545474761456,0.35454545474761456
109015439.33232322,0.36363636383515435,0.36363636383515435,0.36363636383515435
111740825.3131313,0.3727272729226941,0.3727272729226941,0.3727272729226941
114466211.29393938,0.3818181820102338,0.3818181820102338,0.3818181820102338
117191597.27474746,0.3909090910977736,0.3909090910977736,0.3909090910977736
119916983.25555554,0.40000000018531334,0.40000000018531334,0.40000000018531334
122642369.23636362,0.4090909092728531,0.4090909092728531,0.4090909092728531
125367755.2171717,0.41818181836039287,0.41818181836039287,0.41818181836039287
128093141.19797978,0.4272727274479326,0.4272727274479326,0.4272727274479326
130818527.17878786,0.43636363653547233,0.43636363653547233,0.43636363653547233
133543913.15959595,0.4454545456230121,0.4454545456230121,0.4454545456230121
136269299.14040402,0.45454545471055186,0.45454545471055186,0.45454545471055186
138994685.1212121,0.4636363637980916,0.4636363637980916,0.4636363637980916
141720071.10202017,0.4727272728856313,0.4727272728856313,0.4727272728856313
144445457.08282825,0.4818181819731711,0.4818181819731711,0.4818181819731711
147170843.06363636,0.49090909106071096,0.49090909106071096,0.49090909106071096
149896229.04444444,0.5000000001482507,0.5000000001482507,0.5000000001482507
152621615.02525252,0.5090909092357905,0.5090909092357905,0.5090909092357905
155347001.0060606,0.5181818183233302,0.5181818183233302,0.5181818183233302
158072386.98686868,0.52727272741087,0.52727272741087,0.52727272741087
160797772.96767676,0.5363636364984097,0.5363636364984097,0.5363636364984097
163523158.94848484,0.5454545455859494,0.5454545455859494,0.5454545455859494
166248544.92929292,0.5545454546734893,0.5545454546734893,0.5545454546734893
168973930.910101,0.563636363761029,0.563636363761029,0.563636363761029
171699316.89090908,0.5727272728485687,0.5727272728485687,0.5727272728485687
174424702.87171715,0.5818181819361085,0.5818181819361085,0.5818181819361085
177150088.85252523,0.5909090910236482,0.5909090910236482,0.5909090910236482
179875474.8333333,0.6000000001111879,0.6000000001111879,0.6000000001111879
182600860.8141414,0.6090909091987278,0.6090909091987278,0.6090909091987278
185326246.79494947,0.6181818182862675,0.6181818182862675,0.6181818182862675
188051632.77575755,0.6272727273738072,0.6272727273738072,0.6272727273738072
190777018.75656563,0.636363636461347,0.636363636461347,0.636363636461347
193502404.7373737,0.6454545455488867,0.6454545455488867,0.6454545455488867
196227790.7181818,0.6545454546364264,0.6545454546364264,0.6545454546364264
198953176.69898987,0.6636363637239662,0.6636363637239662,0.6636363637239662
201678562.67979795,0.672727272811506,0.672727272811506,0.672727272811506
204403948.66060606,0.6818181818990459,0.6818181818990459,0.6818181818990459
207129334.64141414,0.6909090909865856,0.6909090909865856,0.6909090909865856
209854720.62222221,0.7000000000741253,0.7000000000741253,0.7000000000741253
212580106.6030303,0.7090909091616651,0.7090909091616651,0.7090909091616651
215305492.58383837,0.7181818182492048,0.7181818182492048,0.7181818182492048
218030878.56464645,0.7272727273367445,0.7272727273367445,0.7272727273367445
220756264.54545453,0.7363636364242844,0.7363636364242844,0.7363636364242844
223481650.5262626,0.7454545455118241,0.7454545455118241,0.7454545455118241
226207036.5070707,0.7545454545993638,0.7545454545993638,0.7545454545993638
228932422.48787877,0.7636363636869036,0.7636363636869036,0.7636363636869036
231657808.46868685,0.7727272727744433,0.7727272727744433,0.7727272727744433
234383194.44949493,0.781818181861983,0.781818181861983,0.781818181861983
237108580.430303,0.7909090909495229,0.7909090909495229,0.7909090909495229
239833966.4111111,0.8000000000370626,0.8000000000370626,0.8000000000370626
242559352.39191917,0.8090909091246024,0.8090909091246024,0.8090909091246024
245284738.37272725,0.8181818182121421,0.8181818182121421,0.8181818182121421
248010124.35353532,0.8272727272996818,0.8272727272996818,0.8272727272996818
250735510.3343434,0.8363636363872216,0.8363636363872216,0.8363636363872216
253460896.31515148,0.8454545454747614,0.8454545454747614,0.8454545454747614
256186282.29595956,0.8545454545623011,0.8545454545623011,0.8545454545623011
258911668.27676764,0.8636363636498409,0.8636363636498409,0.8636363636498409
261637054.25757572,0.8727272727373806,0.8727272727373806,0.8727272727373806
264362440.23838383,0.8818181818249204,0.8818181818249204,0.8818181818249204
267087826.2191919,0.8909090909124602,0.8909090909124602,0.8909090909124602
269813212.2,0.8999999999999999,0.8999999999999999,0.8999999999999999
