路线编号,研究路线,来源编号,覆盖状态,核实日期,仍需完成
G01,规范场与大统一,文献01,来源入口已核对，正文待精读,2026-09-09,全文精读；最新进展补充；适用域与预测审查
G02,弦论与超弦,文献02,来源入口已核对，正文待精读,2026-09-09,全文精读；最新进展补充；适用域与预测审查
G03,圈量子引力,文献03,来源入口已核对，正文待精读,2026-09-09,全文精读；最新进展补充；适用域与预测审查
G04,渐近安全引力,文献04,来源入口已核对，正文待精读,2026-09-09,全文精读；最新进展补充；适用域与预测审查
G05,因果集,文献05,来源入口已核对，正文待精读,2026-09-09,全文精读；最新进展补充；适用域与预测审查
G06,因果动力学三角剖分,文献06,来源入口已核对，正文待精读,2026-09-09,全文精读；最新进展补充；适用域与预测审查
G07,非交换几何,文献07,来源入口已核对，正文待精读,2026-09-09,全文精读；最新进展补充；适用域与预测审查
G08,全息对偶,文献08,来源入口已核对，正文待精读,2026-09-09,全文精读；最新进展补充；适用域与预测审查
G09,熵引力与时空涌现,文献09,来源入口已核对，正文待精读,2026-09-09,全文精读；最新进展补充；适用域与预测审查
